_id,type,createdAt
615d8f078285f9631bc2db05,expert,1633521415622
615e0a3c8285f9631bc2dc18,expert,1633552956487
61600e068285f9631bc2dd69,expert,1633684998786
616446ae8285f9631bc2df91,company,1633961646570
6166ade0772fd30831cfebf5,expert,1634119136918
618e29d73b46e1617ab35fbf,expert,1636706775499
6192537c3503294815229c98,expert,1636979580516
61931dab3503294815229d22,expert,1637031339085
619e5d7a350329481522a4da,expert,1637768570369
619f4fcf350329481522a534,expert,1637830607882
61a4c9712314dc0c6f4acfd2,company,1638189425031
61a640c72314dc0c6f4ad1e2,company,1638285511507
61bcf8bb2314dc0c6f4ae32a,expert,1639774395057
61c30102c9f6ca32ad4fe078,expert,1640169730394
61cdb977ca71a24b561b7afd,expert,1640872311044
61df1cc6f18aaa130b6cd002,expert,1642011846956
61e6e1b841979a0867313dc6,expert,1642521016958
61e7f05141979a0867313e73,expert,1642590289768
6201346c95e32c4827f9b9e0,expert,1644246124026
6202bcff95e32c4827f9bb49,expert,1644346623935
621e1ed0240f4e2730b149dc,expert,1646141136106
621f3fa0240f4e2730b14aff,expert,1646215072974
622320e3316ade097cd53ad2,expert,1646469347360
6241d186c60bd00898a38455,expert,1648480646667
624a8c8cc60bd00898a38d5f,expert,1649052812841
62593b54a6a5e0544be60cab,expert,1650015060915
6262e05814c13d7d18f89ff2,company,1650647128938
627b8c50f655943d90a6369b,expert,1652264016191
6293ec571fbb047964271bf7,company,1653861463000
62a6f7d3d57a952ac7f6dd76,company,1655109587925
62ada99a1af84f2e05cd47b3,company,1655548314834
62b5694ab92b4e1a8ec36631,expert,1656056138103
62cbf526c43a1c07852b6ee9,expert,1657533734747
62d9081ef5e6794d89e1dcc3,expert,1658390558644
62d90833f5e6794d89e1dcc5,company,1658390579323
631bad8e54f3b47232b1fb29,expert,1662758286333
6321504717c00b0d682ddee6,expert,1663127623379
6329beae22d1f03a8a691cb2,expert,1663680174550
633af0bb1f9a8817f3781e59,expert,1664807099033
635674550fd435728656c82b,expert,1666610261237
6357f365623eed76be045a05,expert,1666708325724
636eeee5231df95a4ccc054f,expert,1668214501664
6389a8a5d10d072727c11b5b,expert,1669965989500
63909b7366eff2145f4f2ef6,expert,1670421363943
63a6db7e783ece5a08669223,expert,1671879550691
63aecca9783ece5a08669aed,expert,1672400041978
63bed7ace4ad45260849962f,expert,1673451436283
63d0fc823d805d489fa396c7,expert,1674640514413
63d19d2588160d0bd8626391,company,1674681637164
63da77d0becf325848a4a19b,expert,1675261904396
63dd27929db7350d41863dc2,expert,1675437970365
63e26eb00836560f18738699,expert,1675783856955
63edfe2fc21e125db591ce6f,company,1676541487295
63edfe47c21e125db591ce70,expert,1676541511938
63f3e845be74f3780363bdd4,company,1676929093884
63f3e854be74f3780363bdd5,company,1676929108256
63f4f81a3679985c6148ab4c,expert,1676998682601
63f5f56aeae8bb0eff624f28,expert,1677063530021
63f631b97eeabc22ed2a0c15,expert,1677078969942
63f655857eeabc22ed2a0c68,expert,1677088133376
64022d6ead121b1000e288bf,expert,1677864302853
64106c6f0b432e1b36aca096,expert,1678797935878
6414157d43068357ef842748,expert,1679037821125
642e8e0a9f46956268c34a43,company,1680772618624
6437037e8d41ed32e877051c,expert,1681326974387
643703888d41ed32e877051d,company,1681326984164
6454c30a8eb450085c332a70,expert,1683276554309
645933e28eb450085c33305d,expert,1683567586425
646b6e1e7818b449e7ace46d,expert,1684762142940
646b6e547818b449e7ace46e,company,1684762196565
6470bbfe822ca22d226b68b7,expert,1685109758267
64917347be132659d9fe2249,expert,1687253831468
64917390be132659d9fe224d,company,1687253904670
6491d24cbe132659d9fe2395,expert,1687278156566
649e8180e0843b7be97f4cc0,expert,1688109440494
64a9495a0c73164841e4c8db,company,1688815962279
65008544f95a870ce72f8720,expert,1694532932874
6500856af95a870ce72f8721,company,1694532970435
65046b3cf95a870ce72f948b,company,1694788412550
65046b45f95a870ce72f948c,expert,1694788421404
65046dfcf95a870ce72f94a1,expert,1694789116622
650811d4f95a870ce72f9a54,expert,1695027668206
65109c12fe291c3794b1efdb,expert,1695587346229