_id,status,expertId,createdAt,updatedAt,data
6564ae1bddcee07998d010ca,hidden,6564a618ddcee07998d010c2,27/10/2023,1701098465797.0,recommandation
652904cd5b0ddd07d925bf54,sent,65140970752b341f180e8f67,13/010/2023,1697187021944.0,recommandation
65252a045b0ddd07d925b606,shown,64b553945b32d14c2c8da9a9,10/010/2023,1697206804266.0,recommandation
652529dc5b0ddd07d925b605,sent,64b553945b32d14c2c8da9a9,10/010/2023,1696934364829.0,recommandation
652529b45b0ddd07d925b604,sent,64b553945b32d14c2c8da9a9,10/010/2023,1696934324400.0,recommandation
6525299b5b0ddd07d925b603,sent,64b553945b32d14c2c8da9a9,10/010/2023,1696934299977.0,recommandation
652529605b0ddd07d925b602,sent,64b553945b32d14c2c8da9a9,10/010/2023,1696934240891.0,recommandation
652529105b0ddd07d925b601,sent,64b553945b32d14c2c8da9a9,10/010/2023,1696934160666.0,recommandation
652528a45b0ddd07d925b600,shown,64b553945b32d14c2c8da9a9,10/010/2023,1696943091479.0,recommandation
6523ca3b5b0ddd07d925b120,sent,64b553945b32d14c2c8da9a9,09/010/2023,1696844347195.0,recommandation
6523c44d5b0ddd07d925b11f,sent,64b553945b32d14c2c8da9a9,09/010/2023,1696842829369.0,recommandation
6523c4315b0ddd07d925b11e,sent,64b553945b32d14c2c8da9a9,09/010/2023,1696842801812.0,recommandation
6523c3fa5b0ddd07d925b11d,shown,64b553945b32d14c2c8da9a9,09/010/2023,1697811322169.0,recommandation
6523c3c05b0ddd07d925b11c,sent,64b553945b32d14c2c8da9a9,09/010/2023,1696842688059.0,recommandation
6523c3765b0ddd07d925b11b,sent,64b553945b32d14c2c8da9a9,09/010/2023,1696842614800.0,recommandation
6523c3345b0ddd07d925b11a,sent,64b553945b32d14c2c8da9a9,09/010/2023,1696842548170.0,recommandation
65200b78d2ebbd6640a83c2d,sent,64b553945b32d14c2c8da9a9,06/010/2023,1696598904057.0,recommandation
65200b65d2ebbd6640a83c2c,sent,64b553945b32d14c2c8da9a9,06/010/2023,1696598885734.0,recommandation
65200b4fd2ebbd6640a83c2b,sent,64b553945b32d14c2c8da9a9,06/010/2023,1696598863783.0,recommandation
65200b2dd2ebbd6640a83c29,sent,64b553945b32d14c2c8da9a9,06/010/2023,1696598829343.0,recommandation
65200a0fd2ebbd6640a83c20,sent,64b553945b32d14c2c8da9a9,06/010/2023,1696598543988.0,recommandation
652009f2d2ebbd6640a83c1e,sent,64b553945b32d14c2c8da9a9,06/010/2023,1696598514832.0,recommandation
651c16aed2ebbd6640a82d69,sent,64b553945b32d14c2c8da9a9,03/010/2023,1696339630672.0,recommandation
651c15e8d2ebbd6640a82d64,sent,64b553945b32d14c2c8da9a9,03/010/2023,1696339432368.0,recommandation
651c15b9d2ebbd6640a82d60,sent,64b553945b32d14c2c8da9a9,03/010/2023,1696339385527.0,recommandation
651c10c3d2ebbd6640a82d3f,sent,64b553945b32d14c2c8da9a9,03/010/2023,1696338115202.0,recommandation
651c1092d2ebbd6640a82d3e,sent,64b553945b32d14c2c8da9a9,03/010/2023,1696338066931.0,recommandation
651c1055d2ebbd6640a82d3c,sent,64b553945b32d14c2c8da9a9,03/010/2023,1696338005828.0,recommandation
651c1040d2ebbd6640a82d3b,sent,64b553945b32d14c2c8da9a9,03/010/2023,1696337984405.0,recommandation
651c1021d2ebbd6640a82d3a,sent,64b553945b32d14c2c8da9a9,03/010/2023,1696337953051.0,recommandation
651c0f2ed2ebbd6640a82d35,sent,64b553945b32d14c2c8da9a9,03/010/2023,1696337710160.0,recommandation
651c0c82d2ebbd6640a82d25,sent,64b553945b32d14c2c8da9a9,03/010/2023,1696337026419.0,recommandation
651c0bf8d2ebbd6640a82d22,shown,64b553945b32d14c2c8da9a9,03/010/2023,1696598471273.0,recommandation
651c0b2ad2ebbd6640a82d20,hidden,64b553945b32d14c2c8da9a9,03/010/2023,1697466237566.0,recommandation
651c0a9fd2ebbd6640a82d1b,sent,64b553945b32d14c2c8da9a9,03/010/2023,1696336543551.0,recommandation
651c0672d2ebbd6640a82d01,sent,64b553945b32d14c2c8da9a9,03/010/2023,1696335474995.0,recommandation
651c0638d2ebbd6640a82cff,shown,64b553945b32d14c2c8da9a9,03/010/2023,1696598462592.0,recommandation
651c05e2d2ebbd6640a82cfe,sent,64b553945b32d14c2c8da9a9,03/010/2023,1696335330512.0,recommandation
651c05cfd2ebbd6640a82cfd,shown,64b553945b32d14c2c8da9a9,03/010/2023,1696860446908.0,recommandation
651c05b5d2ebbd6640a82cfc,shown,64b553945b32d14c2c8da9a9,03/010/2023,1696598453591.0,recommandation
651c0566d2ebbd6640a82cfb,shown,64b553945b32d14c2c8da9a9,03/010/2023,1696598445355.0,recommandation
6517e28dd2ebbd6640a8216a,hidden,65128b6490c59951daf90f77,30/09/2023,1696065292066.0,recommandation
65153936752b341f180e928e,shown,65128b6490c59951daf90f77,28/09/2023,1696048356327.0,recommandation
651538dd752b341f180e928d,sent,65128b6490c59951daf90f77,28/09/2023,1695889629623.0,recommandation
64edb73c88afda3cddd6f13d,hidden,645e30ffa922c97c7e75b476,29/08/2023,1693425111035.0,recommandation
64ad3b77ff87447529522001,sent,648c5666bf50bf6e8c8e4aad,11/07/2023,1689074551980.0,recommandation
64ad3b4aff87447529522000,sent,648c5666bf50bf6e8c8e4aad,11/07/2023,1689074506070.0,recommandation
64917314be132659d9fe2248,sent,64916a32be132659d9fe2206,20/06/2023,1687253780070.0,recommandation
649172a3be132659d9fe2245,shown,64916a32be132659d9fe2206,20/06/2023,1693579597112.0,recommandation
6482df91dc1d565aa6019628,sent,63f351bfbe74f3780363bc0c,09/06/2023,1686298513176.0,recommandation
6482df38dc1d565aa6019626,shown,63f351bfbe74f3780363bc0c,09/06/2023,1686647521919.0,recommandation
6482de88dc1d565aa6019609,shown,63f351bfbe74f3780363bc0c,09/06/2023,1686553410860.0,recommandation
6482de50dc1d565aa6019607,sent,63f351bfbe74f3780363bc0c,09/06/2023,1686298192202.0,recommandation
646cb5eade81f4250f635346,shown,646b80357818b449e7ace48f,23/05/2023,1685014136258.0,recommandation
646c8586de81f4250f635311,shown,646b80357818b449e7ace48f,23/05/2023,1684837965208.0,recommandation
646b67cb7818b449e7ace451,shown,645271a58eb450085c3327c2,22/05/2023,1685366767772.0,recommandation
6464cab07818b449e7acd9a2,sent,645e30ffa922c97c7e75b476,17/05/2023,1684327088067.0,recommandation
6464ca2d7818b449e7acd9a1,hidden,645e30ffa922c97c7e75b476,17/05/2023,1693842011439.0,recommandation
6464c6db7818b449e7acd99d,shown,645e30ffa922c97c7e75b476,17/05/2023,1685351425822.0,recommandation
6464c66f7818b449e7acd99c,sent,645e30ffa922c97c7e75b476,17/05/2023,1684325999441.0,recommandation
6464c5937818b449e7acd995,shown,645e30ffa922c97c7e75b476,17/05/2023,1685457607124.0,recommandation
645275568eb450085c3327cd,shown,645271a58eb450085c3327c2,03/05/2023,1683728177528.0,recommandation
645274f28eb450085c3327cc,sent,645271a58eb450085c3327c2,03/05/2023,1683125490048.0,recommandation
645274a78eb450085c3327ca,shown,645271a58eb450085c3327c2,03/05/2023,1684225936084.0,recommandation
644be3ff8eb450085c331ef9,hidden,644bd3498eb450085c331ebc,28/04/2023,1684086721575.0,recommandation
644be2bf8eb450085c331ef6,shown,644bd3498eb450085c331ebc,28/04/2023,1683012666952.0,recommandation
644be21d8eb450085c331ef4,shown,644bd3498eb450085c331ebc,28/04/2023,1683189982665.0,recommandation
644be10a8eb450085c331ee6,sent,644bd3498eb450085c331ebc,28/04/2023,1682694410432.0,recommandation
644be0d98eb450085c331ee4,shown,644bd3498eb450085c331ebc,28/04/2023,1683012559807.0,recommandation
641c165dd09d560320d2a972,sent,63f788217eeabc22ed2a0e41,23/03/2023,1679562333488.0,recommandation
6419a92bd09d560320d2a6cd,sent,640777e0ad121b1000e28f1e,21/03/2023,1679403307036.0,recommandation
64134e4343068357ef8426b9,hidden,641343ef43068357ef8426b0,16/03/2023,1679047834460.0,recommandation
6409f905ad121b1000e29517,shown,6409e1f4ad121b1000e2945c,09/03/2023,1678785392308.0,recommandation
6409f899ad121b1000e29516,shown,6409e1f4ad121b1000e2945c,09/03/2023,1678785398658.0,recommandation
6408c66cad121b1000e2919d,sent,61f1afaf686cce77cc835b2f,08/03/2023,1678296684851.0,recommandation
6408c515ad121b1000e2919b,shown,61f1afaf686cce77cc835b2f,08/03/2023,1678738548747.0,recommandation
6408c4b4ad121b1000e2919a,sent,61f1afaf686cce77cc835b2f,08/03/2023,1678296244241.0,recommandation
6408c480ad121b1000e29199,shown,61f1afaf686cce77cc835b2f,08/03/2023,1678738565873.0,recommandation
64077d69ad121b1000e28f2a,sent,640777e0ad121b1000e28f1e,07/03/2023,1678212457775.0,recommandation
64060de5ad121b1000e28cad,hidden,63eb98e8c21e125db591c8ee,06/03/2023,1678285471296.0,recommandation
64060da7ad121b1000e28ca7,sent,63eb98e8c21e125db591c8ee,06/03/2023,1678118311444.0,recommandation
64060d71ad121b1000e28ca6,sent,63eb98e8c21e125db591c8ee,06/03/2023,1678118257868.0,recommandation
6400c81e410cf44bb0d4bfae,shown,5e7615e8db8f357c02646146,02/03/2023,1677774737571.0,recommandation
63fef77d410cf44bb0d4bd24,shown,63fc71f0bfac3a0e3d41bc16,01/03/2023,1678284159609.0,recommandation
63fcafb49409a015887023b4,sent,601086106f28ac167974bb87,27/02/2023,1677504436299.0,recommandation
63fb83617eeabc22ed2a1bb5,sent,63fb82b27eeabc22ed2a1bb2,26/02/2023,1677427553597.0,recommandation
63f77d6c7eeabc22ed2a0e22,shown,63f61ddceae8bb0eff624f88,23/02/2023,1677489279633.0,recommandation
63f77d297eeabc22ed2a0e21,shown,63f61ddceae8bb0eff624f88,23/02/2023,1677168329524.0,recommandation
63f5e88d3679985c6148ad15,hidden,63416fafd66fef54e03badc7,22/02/2023,1677067067233.0,recommandation
63f5e59a3679985c6148acf3,shown,63416fafd66fef54e03badc7,22/02/2023,1677138601728.0,recommandation
63f5e5593679985c6148acf2,shown,63416fafd66fef54e03badc7,22/02/2023,1677061407062.0,recommandation
63f384debe74f3780363bcdf,shown,63f37db6be74f3780363bcc1,20/02/2023,1677332594210.0,recommandation
63f3844bbe74f3780363bcde,shown,63f37db6be74f3780363bcc1,20/02/2023,1676992983822.0,recommandation
63f382bebe74f3780363bcd9,shown,63f37db6be74f3780363bcc1,20/02/2023,1677011528203.0,recommandation
63e5f85a79991a5c33ff6830,sent,63e54bb779991a5c33ff6787,10/02/2023,1676015706241.0,recommandation
63e50de279991a5c33ff672f,sent,63e4c62e79991a5c33ff664e,09/02/2023,1675955682298.0,recommandation
63e50ccf79991a5c33ff671c,shown,63e4c62e79991a5c33ff664e,09/02/2023,1677238804521.0,recommandation
63e50ca179991a5c33ff6718,sent,63e4c62e79991a5c33ff664e,09/02/2023,1675955361325.0,recommandation
63e50c7179991a5c33ff670f,shown,63e4c62e79991a5c33ff664e,09/02/2023,1677238785045.0,recommandation
63e50c2d79991a5c33ff6708,shown,63e4c62e79991a5c33ff664e,09/02/2023,1676019592007.0,recommandation
63e25b850836560f1873865b,hidden,63a42bca783ece5a08668f08,07/02/2023,1676459367932.0,recommandation
63e25b300836560f1873865a,sent,63a42bca783ece5a08668f08,07/02/2023,1675778864387.0,recommandation
63cfe5353d805d489fa38c85,sent,63cfe3f73d805d489fa38c80,24/01/2023,1674569013340.0,recommandation
63ce554ae4ad45260849a7e1,hidden,63ca9fbae4ad45260849a4ce,23/01/2023,1675241784417.0,recommandation
63cdaf92e4ad45260849a6e7,sent,63caf640e4ad45260849a522,22/01/2023,1674424210633.0,recommandation
63b3f23f783ece5a0866a0d2,sent,638f506066eff2145f4f2cbe,03/01/2023,1672737343402.0,recommandation
63b3f171783ece5a0866a0cd,sent,63a9da80783ece5a08669523,03/01/2023,1672737137176.0,recommandation
63b3f0e9783ece5a0866a0c5,sent,63a9da80783ece5a08669523,03/01/2023,1672737001700.0,recommandation
63aafbb2783ece5a08669685,sent,628724ad8cd3654f46459a77,27/11/2022,1672149938939.0,recommandation
63aafad5783ece5a08669681,sent,628724ad8cd3654f46459a77,27/11/2022,1672149717161.0,recommandation
6399c42267f15f7b71c87127,sent,6399c09d67f15f7b71c87124,14/11/2022,1671021602462.0,recommandation
6399c40867f15f7b71c87126,hidden,6399c09d67f15f7b71c87124,14/11/2022,1671029185394.0,recommandation
6399c3e367f15f7b71c87125,sent,6399c09d67f15f7b71c87124,14/11/2022,1671021539994.0,recommandation
6389ebc1d10d072727c11c4a,shown,6389df36d10d072727c11c2b,02/11/2022,1669988354546.0,recommandation
6389eb43d10d072727c11c49,sent,6389df36d10d072727c11c2b,02/11/2022,1669983043186.0,recommandation
6389ea82d10d072727c11c48,sent,6389df36d10d072727c11c2b,02/11/2022,1669982850320.0,recommandation
637e40725611a441750a5bc0,sent,637e33d25611a441750a5baf,23/10/2022,1669218418282.0,recommandation
637bc6f65611a441750a58fb,sent,628724ad8cd3654f46459a77,21/10/2022,1669056246393.0,recommandation
637bc6b75611a441750a58fa,sent,628724ad8cd3654f46459a77,21/10/2022,1669056183742.0,recommandation
637bc6955611a441750a58f9,sent,628724ad8cd3654f46459a77,21/10/2022,1669056149452.0,recommandation
63664f9a63803607b5161f28,sent,6364ec5c63803607b5161db8,05/10/2022,1667649434545.0,recommandation
63664e8163803607b5161f27,sent,6364ec5c63803607b5161db8,05/10/2022,1667649153916.0,recommandation
6362438a623eed76be046435,hidden,63565b030fd435728656c7fc,02/10/2022,1667581883021.0,recommandation
6357f15c623eed76be0459ec,shown,62553ef6a6a5e0544be60949,25/010/2022,1667373801298.0,recommandation
635286b10fd435728656c507,sent,6346870e0fd435728656b828,21/010/2022,1666352817698.0,recommandation
634fc6be0fd435728656c1e5,sent,6331c33b86a6612f5c1fee83,19/010/2022,1666172606358.0,recommandation
633a7fb2a473c11f43214750,sent,62553ef6a6a5e0544be60949,03/010/2022,1664778162867.0,recommandation
6333132fa473c11f43213d6f,hidden,632acb1422d1f03a8a691dcf,27/09/2022,1664291879562.0,recommandation
632da5b886a6612f5c1fe9ab,sent,631b522954f3b47232b1fafe,23/09/2022,1663935928662.0,recommandation
632da59f86a6612f5c1fe9a9,hidden,631b522954f3b47232b1fafe,23/09/2022,1664172621696.0,recommandation
632da59186a6612f5c1fe9a8,sent,631b522954f3b47232b1fafe,23/09/2022,1663935889430.0,recommandation
6321811dd3f42949047def60,sent,6321702f17c00b0d682ddf06,14/09/2022,1663140125430.0,recommandation
6320a12517c00b0d682dde2e,sent,6320906e17c00b0d682dddf9,13/09/2022,1663082789555.0,recommandation
63209fd917c00b0d682dde28,sent,6320906e17c00b0d682dddf9,13/09/2022,1663082457623.0,recommandation
63209fa417c00b0d682dde27,shown,6320906e17c00b0d682dddf9,13/09/2022,1663083110015.0,recommandation
63209f7e17c00b0d682dde25,sent,6320906e17c00b0d682dddf9,13/09/2022,1663082366411.0,recommandation
63209eb017c00b0d682dde24,sent,6320906e17c00b0d682dddf9,13/09/2022,1663082160769.0,recommandation
63209e8117c00b0d682dde23,sent,6320906e17c00b0d682dddf9,13/09/2022,1663082113538.0,recommandation
63209e4e17c00b0d682dde22,sent,6320906e17c00b0d682dddf9,13/09/2022,1663082062168.0,recommandation
6320995217c00b0d682dde1c,sent,6320906e17c00b0d682dddf9,13/09/2022,1663080786482.0,recommandation
632098c217c00b0d682dde19,shown,6320906e17c00b0d682dddf9,13/09/2022,1663249131124.0,recommandation
6320984517c00b0d682dde18,sent,6320906e17c00b0d682dddf9,13/09/2022,1663080517476.0,recommandation
632097f317c00b0d682dde17,sent,6320906e17c00b0d682dddf9,13/09/2022,1663080435352.0,recommandation
632097c917c00b0d682dde16,sent,6320906e17c00b0d682dddf9,13/09/2022,1663080393867.0,recommandation
632097a517c00b0d682dde14,hidden,6320906e17c00b0d682dddf9,13/09/2022,1663766873994.0,recommandation
6320977017c00b0d682dde13,sent,6320906e17c00b0d682dddf9,13/09/2022,1663080304564.0,recommandation
632096d217c00b0d682dde11,sent,6320906e17c00b0d682dddf9,13/09/2022,1663080146193.0,recommandation
632096b417c00b0d682dde10,sent,6320906e17c00b0d682dddf9,13/09/2022,1663080116154.0,recommandation
6320969117c00b0d682dde0b,sent,6320906e17c00b0d682dddf9,13/09/2022,1663080081440.0,recommandation
6320965517c00b0d682dde0a,shown,6320906e17c00b0d682dddf9,13/09/2022,1663249085109.0,recommandation
63201c1854f3b47232b20016,hidden,613ddc2624bf9a154545bfbf,13/09/2022,1667400865615.0,recommandation
63201c0354f3b47232b20015,sent,613ddc2624bf9a154545bfbf,13/09/2022,1663048707892.0,recommandation
631a0088e6c71320d87ce218,hidden,6319f982e6c71320d87ce202,08/09/2022,1662708314173.0,recommandation
631a005fe6c71320d87ce217,sent,6319f982e6c71320d87ce202,08/09/2022,1662648415529.0,recommandation
631896d6e6c71320d87cdfd7,sent,631777e06977227acbbbecc0,07/09/2022,1662555862927.0,recommandation
6315c3e66977227acbbbea50,hidden,5e2ef5e47ba2f4719ceb4c78,05/09/2022,1662370829566.0,recommandation
6305e46647b68d445cd214e4,sent,6304abf647b68d445cd21392,24/08/2022,1661330534652.0,recommandation
62ff835547b68d445cd20f53,sent,62ff82b147b68d445cd20f52,19/08/2022,1660912469952.0,recommandation
62fcc5aa47b68d445cd20d26,shown,62d94a08f5e6794d89e1dd6e,17/08/2022,1674463049723.0,recommandation
62ecea6481c5e7100419ecf2,shown,609eafbc2fd32b1293153d3d,05/08/2022,1663231998557.0,recommandation
62ebd33b81c5e7100419ec3c,sent,609eafbc2fd32b1293153d3d,04/08/2022,1659622203774.0,recommandation
62e3f70eda1b4c117df1047b,shown,62e2b981da1b4c117df10374,29/07/2022,1659107209605.0,recommandation
62e3f5deda1b4c117df10477,sent,62e2b981da1b4c117df10374,29/07/2022,1659106782391.0,recommandation
62e3f41eda1b4c117df10475,shown,62e2b981da1b4c117df10374,29/07/2022,1659106694586.0,recommandation
62e3f30cda1b4c117df1046f,shown,62e2b981da1b4c117df10374,29/07/2022,1659106208257.0,recommandation
62e3f028da1b4c117df10464,shown,62e2b981da1b4c117df10374,29/07/2022,1659106010828.0,recommandation
62e3efffda1b4c117df10463,shown,62e2b981da1b4c117df10374,29/07/2022,1659105621877.0,recommandation
62dcf939f5e6794d89e1e191,hidden,62dcecedf5e6794d89e1e18a,24/07/2022,1658681241491.0,recommandation
62cd2f30c43a1c07852b7170,shown,62c2d07d03f9d052cb43fe42,12/07/2022,1657614537628.0,recommandation
62c349de03f9d052cb43feda,sent,609eafbc2fd32b1293153d3d,04/07/2022,1656965598972.0,recommandation
62c3490103f9d052cb43fed9,sent,609eafbc2fd32b1293153d3d,04/07/2022,1656965377279.0,recommandation
62c3484203f9d052cb43fed6,sent,609eafbc2fd32b1293153d3d,04/07/2022,1656965186586.0,recommandation
62c347f403f9d052cb43fed5,sent,609eafbc2fd32b1293153d3d,04/07/2022,1656965108953.0,recommandation
62c347dd03f9d052cb43fed4,sent,609eafbc2fd32b1293153d3d,04/07/2022,1656965085517.0,recommandation
62b9cf02b92b4e1a8ec36a88,sent,609eafbc2fd32b1293153d3d,27/06/2022,1656344322679.0,recommandation
62b5ce16b92b4e1a8ec36764,shown,609eafbc2fd32b1293153d3d,24/06/2022,1656513447041.0,recommandation
628c88578cd3654f46459fda,sent,628c848a8cd3654f46459fcf,24/05/2022,1653377111422.0,recommandation
628725c28cd3654f46459a78,sent,628724ad8cd3654f46459a77,20/05/2022,1653024194237.0,recommandation
627be67ef655943d90a636e6,shown,62581f77a6a5e0544be60c22,11/05/2022,1652360154189.0,recommandation
62692a9f79fa1b558dd9838e,sent,6267a4c7dbfdea3ee421f3ec,27/04/2022,1651131495256.0,recommandation
626929e179fa1b558dd9838c,sent,6267a4c7dbfdea3ee421f3ec,27/04/2022,1651059169969.0,recommandation
626929c679fa1b558dd9838b,shown,6267a4c7dbfdea3ee421f3ec,27/04/2022,1651737029503.0,recommandation
6268fcf3e78e047aff451539,shown,623477379bdf0c49877f8994,27/04/2022,1651216844082.0,recommandation
6267f7ade78e047aff4513e6,sent,62655afe14c13d7d18f8a0f7,26/04/2022,1650980781497.0,recommandation
625d68b7a6a5e0544be60ed1,sent,623366cf9bdf0c49877f88e9,18/04/2022,1650288823508.0,recommandation
625d687ea6a5e0544be60ed0,sent,623366cf9bdf0c49877f88e9,18/04/2022,1650288766633.0,recommandation
625d6854a6a5e0544be60ece,sent,623366cf9bdf0c49877f88e9,18/04/2022,1650288724759.0,recommandation
625d6830a6a5e0544be60ecd,sent,623366cf9bdf0c49877f88e9,18/04/2022,1650288688778.0,recommandation
625d67fba6a5e0544be60ecc,sent,623366cf9bdf0c49877f88e9,18/04/2022,1650288635847.0,recommandation
625d6017a6a5e0544be60eca,sent,623366cf9bdf0c49877f88e9,18/04/2022,1650286615250.0,recommandation
62581ccfa6a5e0544be60c1f,sent,623477379bdf0c49877f8994,14/04/2022,1649941711313.0,recommandation
62581ca3a6a5e0544be60c1e,shown,623477379bdf0c49877f8994,14/04/2022,1651477460917.0,recommandation
6257e947a6a5e0544be60bf6,sent,62553ef6a6a5e0544be60949,14/04/2022,1649928519777.0,recommandation
62569155a6a5e0544be60ae5,sent,62553ef6a6a5e0544be60949,13/04/2022,1649840469694.0,recommandation
62554ebba6a5e0544be60981,sent,62553ef6a6a5e0544be60949,12/04/2022,1649757883758.0,recommandation
62554e98a6a5e0544be60980,sent,62553ef6a6a5e0544be60949,12/04/2022,1649757848959.0,recommandation
62554e7ea6a5e0544be6097f,sent,62553ef6a6a5e0544be60949,12/04/2022,1649757822499.0,recommandation
62456452c60bd00898a38866,sent,619b721e350329481522a23a,31/03/2022,1648714834263.0,recommandation
62456418c60bd00898a38865,sent,619b721e350329481522a23a,31/03/2022,1648714776690.0,recommandation
624563fbc60bd00898a38863,sent,619b721e350329481522a23a,31/03/2022,1648714747837.0,recommandation
624563d0c60bd00898a38862,sent,619b721e350329481522a23a,31/03/2022,1648714704725.0,recommandation
624563c6c60bd00898a38861,hidden,619b721e350329481522a23a,31/03/2022,1648718057523.0,recommandation
623b39e48135b2295c13fed1,sent,623ae9d88135b2295c13fe51,23/03/2022,1648048612868.0,recommandation
62207b7a240f4e2730b14bfd,sent,621cb0cc240f4e2730b148f2,03/03/2022,1646295930224.0,recommandation
62207b18240f4e2730b14bfc,sent,621cb0cc240f4e2730b148f2,03/03/2022,1646295832955.0,recommandation
6217b946240f4e2730b1441d,hidden,62179818240f4e2730b143f0,24/02/2022,1645734672873.0,recommandation
6214ac0f240f4e2730b14186,shown,621374f4240f4e2730b1407e,22/02/2022,1645540067694.0,recommandation
6214abc3240f4e2730b14185,shown,621374f4240f4e2730b1407e,22/02/2022,1645523324578.0,recommandation
6213ac31240f4e2730b140d4,sent,61e595e841979a0867313cde,21/02/2022,1645456433879.0,recommandation
6211444c40cc3e4bf3044387,sent,609eafbc2fd32b1293153d3d,19/02/2022,1645298764658.0,recommandation
62080d0495e32c4827f9bf02,shown,5e3072f27ba2f4719ceb4d90,12/02/2022,1644854985157.0,recommandation
61eecc9e41979a0867314319,sent,619b721e350329481522a23a,24/01/2022,1643039902405.0,recommandation
61eecbe841979a0867314318,sent,619b721e350329481522a23a,24/01/2022,1643039720231.0,recommandation
61ed382341979a08673141bf,hidden,61ed298d41979a08673141bd,23/01/2022,1643018744003.0,recommandation
61e952cc41979a0867313fd3,sent,61963a1b3503294815229f9f,20/01/2022,1642681036736.0,recommandation
61e9529d41979a0867313fd2,sent,61963a1b3503294815229f9f,20/01/2022,1642680989922.0,recommandation
61e9527b41979a0867313fd1,sent,61963a1b3503294815229f9f,20/01/2022,1642680955753.0,recommandation
61e9523c41979a0867313fd0,shown,61963a1b3503294815229f9f,20/01/2022,1642857840228.0,recommandation
61e9522441979a0867313fcf,sent,61963a1b3503294815229f9f,20/01/2022,1642680868069.0,recommandation
61e9520d41979a0867313fce,shown,61963a1b3503294815229f9f,20/01/2022,1643974210805.0,recommandation
61c1ff40c9f6ca32ad4fdfaa,sent,5eb95692e1feb14ac570a26c,21/11/2021,1640103744786.0,recommandation
61bf672f2314dc0c6f4ae465,sent,5e99800be1feb14ac5708ac6,19/11/2021,1639933743103.0,recommandation
61bf65eb2314dc0c6f4ae464,sent,5e99800be1feb14ac5708ac6,19/11/2021,1639933419144.0,recommandation
61b32c062314dc0c6f4adc97,shown,61a74df32314dc0c6f4ad31b,10/11/2021,1639421727611.0,recommandation
61b328ae2314dc0c6f4adc94,sent,61a74df32314dc0c6f4ad31b,10/11/2021,1639131310275.0,recommandation
61ae71062314dc0c6f4ad7f6,sent,5e3072f27ba2f4719ceb4d90,06/11/2021,1638822150453.0,recommandation
61ae0fe22314dc0c6f4ad7a3,shown,61a74df32314dc0c6f4ad31b,06/11/2021,1638956651535.0,recommandation
61ade0722314dc0c6f4ad759,shown,61a74df32314dc0c6f4ad31b,06/11/2021,1638797023783.0,recommandation
61addec42314dc0c6f4ad754,shown,61a74df32314dc0c6f4ad31b,06/11/2021,1639421715066.0,recommandation
61adde622314dc0c6f4ad752,shown,61a74df32314dc0c6f4ad31b,06/11/2021,1638808873327.0,recommandation
61addc702314dc0c6f4ad74d,sent,61a74df32314dc0c6f4ad31b,06/11/2021,1638784112054.0,recommandation
61addc1c2314dc0c6f4ad74c,sent,61a74df32314dc0c6f4ad31b,06/11/2021,1638784028518.0,recommandation
61a685262314dc0c6f4ad245,sent,5e3072f27ba2f4719ceb4d90,30/10/2021,1638303014469.0,recommandation
619b5f39350329481522a22e,sent,600c33526f28ac167974ba8e,22/10/2021,1637572409926.0,recommandation
617ea4b88ffce508636e0781,sent,614318ec24bf9a154545c3d5,31/010/2021,1635689656767.0,recommandation
617c65ae8ffce508636e0699,sent,617c26528ffce508636e067a,29/010/2021,1635542446887.0,recommandation
617c64888ffce508636e0698,sent,617c26528ffce508636e067a,29/010/2021,1635542152427.0,recommandation
617c64248ffce508636e0697,sent,617c26528ffce508636e067a,29/010/2021,1635542052250.0,recommandation
617c63648ffce508636e0695,shown,617c26528ffce508636e067a,29/010/2021,1635578395463.0,recommandation
617c63108ffce508636e0694,shown,617c26528ffce508636e067a,29/010/2021,1635672187541.0,recommandation
61795960db8a080f37bd15a1,sent,5bc4a282f1543204a60cb0bd,27/010/2021,1635342688397.0,recommandation
61780839db8a080f37bd14f0,shown,6065c4c0c44cfd5b8e6c6724,26/010/2021,1635950130461.0,recommandation
6172c832db8a080f37bd1099,sent,614318ec24bf9a154545c3d5,22/010/2021,1634912306159.0,recommandation
6172c817db8a080f37bd1098,sent,614318ec24bf9a154545c3d5,22/010/2021,1634912279333.0,recommandation
6172c7f6db8a080f37bd1097,sent,614318ec24bf9a154545c3d5,22/010/2021,1634912246373.0,recommandation
6172c7dedb8a080f37bd1096,sent,614318ec24bf9a154545c3d5,22/010/2021,1634912222403.0,recommandation
6172c7c4db8a080f37bd1095,shown,614318ec24bf9a154545c3d5,22/010/2021,1634969619298.0,recommandation
617278b4db8a080f37bd103e,sent,615804cf24bf9a154545d153,22/010/2021,1634891956531.0,recommandation
61671902772fd30831cfec81,sent,61670640772fd30831cfec7a,13/010/2021,1634146562303.0,recommandation
615d76068285f9631bc2daf0,sent,615d4fe88285f9631bc2da93,06/010/2021,1633515014577.0,recommandation
615d743f8285f9631bc2daef,sent,615d4fe88285f9631bc2da93,06/010/2021,1633514559285.0,recommandation
615d73818285f9631bc2daee,shown,615d4fe88285f9631bc2da93,06/010/2021,1633535696252.0,recommandation
615d72d28285f9631bc2daed,sent,615d4fe88285f9631bc2da93,06/010/2021,1633514194451.0,recommandation
615d72408285f9631bc2daec,sent,615d4fe88285f9631bc2da93,06/010/2021,1633514048356.0,recommandation
615d71178285f9631bc2daeb,shown,615d4fe88285f9631bc2da93,06/010/2021,1635407082142.0,recommandation
615d70398285f9631bc2dae9,shown,615d4fe88285f9631bc2da93,06/010/2021,1633535651187.0,recommandation
615d6f7f8285f9631bc2dae8,sent,615d4fe88285f9631bc2da93,06/010/2021,1633513343455.0,recommandation
615d6f538285f9631bc2dae7,shown,615d4fe88285f9631bc2da93,06/010/2021,1633535618633.0,recommandation
615d6f038285f9631bc2dae6,sent,615d4fe88285f9631bc2da93,06/010/2021,1633513219318.0,recommandation
615c3f6324bf9a154545d2fc,sent,5e83073adb8f357c02646b57,05/010/2021,1633435491181.0,recommandation
6155829524bf9a154545cfe9,shown,60ba22ec8df4186d86cff1d8,30/09/2021,1634287505553.0,recommandation
6155824b24bf9a154545cfe8,sent,5e2ea7207ba2f4719ceb4c02,30/09/2021,1632993867682.0,recommandation
6141abf224bf9a154545c274,sent,5e99800be1feb14ac5708ac6,15/09/2021,1631693810515.0,recommandation
6141abb524bf9a154545c273,sent,5e99800be1feb14ac5708ac6,15/09/2021,1631693749887.0,recommandation
6141aad524bf9a154545c272,sent,5e99800be1feb14ac5708ac6,15/09/2021,1631693525632.0,recommandation
6141055424bf9a154545c21b,shown,61409adc24bf9a154545c19b,14/09/2021,1633017209236.0,recommandation
614104bc24bf9a154545c21a,sent,61409adc24bf9a154545c19b,14/09/2021,1631651004377.0,recommandation
6141041824bf9a154545c219,shown,61409adc24bf9a154545c19b,14/09/2021,1633017200597.0,recommandation
613cafd724bf9a154545bf51,sent,612e8cdb8ae28b087046d74f,11/09/2021,1631367127123.0,recommandation
613b527424bf9a154545be8c,shown,6065c4c0c44cfd5b8e6c6724,10/09/2021,1632396025618.0,recommandation
6138bd4424bf9a154545bbc2,shown,6138784c24bf9a154545bb52,08/09/2021,1631791588683.0,recommandation
6138bcf124bf9a154545bbc1,sent,6138784c24bf9a154545bb52,08/09/2021,1631108337440.0,recommandation
6138bccc24bf9a154545bbc0,sent,6138784c24bf9a154545bb52,08/09/2021,1631108300592.0,recommandation
6138bc8a24bf9a154545bbbf,shown,6138784c24bf9a154545bb52,08/09/2021,1631172861529.0,recommandation
6138bc5d24bf9a154545bbbe,sent,6138784c24bf9a154545bb52,08/09/2021,1631108189709.0,recommandation
6138bc3624bf9a154545bbbd,sent,6138784c24bf9a154545bb52,08/09/2021,1631108150869.0,recommandation
6138bc1f24bf9a154545bbbc,sent,6138784c24bf9a154545bb52,08/09/2021,1631108127911.0,recommandation
6138a58824bf9a154545bb92,shown,612e8cdb8ae28b087046d74f,08/09/2021,1631367104236.0,recommandation
6131dec1e10a3b071620d9de,sent,60f826bae9d1402c2193011e,03/09/2021,1630658241214.0,recommandation
612cece18ae28b087046d639,sent,6065c4c0c44cfd5b8e6c6724,30/08/2021,1630334177562.0,recommandation
612798608ae28b087046d2ec,sent,612794038ae28b087046d2e7,26/08/2021,1629984864217.0,recommandation
612798438ae28b087046d2eb,sent,612794038ae28b087046d2e7,26/08/2021,1629984835691.0,recommandation
612757568ae28b087046d299,sent,60f6d1cee9d1402c21930059,26/08/2021,1629968214672.0,recommandation
612754568ae28b087046d295,sent,60f6d1cee9d1402c21930059,26/08/2021,1629967446152.0,recommandation
612650e48ae28b087046d1bd,hidden,60c238ec9708e87ffe81194e,25/08/2021,1629901114291.0,recommandation
611ce0798ae28b087046ca35,sent,60f826bae9d1402c2193011e,18/08/2021,1629282425439.0,recommandation
611a6b538ae28b087046c7c7,shown,6065c4c0c44cfd5b8e6c6724,16/08/2021,1629133696419.0,recommandation
610bfe308ae28b087046bdd4,shown,6107fb2e8ae28b087046b9d2,05/08/2021,1628176082926.0,recommandation
610804298ae28b087046b9ef,sent,6107fb2e8ae28b087046b9d2,02/08/2021,1627915305319.0,recommandation
60f67ecc66938b559e8438a6,shown,5ee7ab2ae1feb14ac570c6f3,20/07/2021,1632250620270.0,recommandation
,,,,,recommandation
,,,,,recommandation
60e44ebebb7ccc779dcf20c4,sent,60e445e9bb7ccc779dcf20be,06/07/2021,1625575102203.0,recommandation
60e44e9cbb7ccc779dcf20c3,shown,60e445e9bb7ccc779dcf20be,06/07/2021,1631132784665.0,recommandation
60d1eed34497d2087fd5423a,shown,6065c4c0c44cfd5b8e6c6724,22/06/2021,1627300983813.0,recommandation
60d1ee8c4497d2087fd54239,shown,6065c4c0c44cfd5b8e6c6724,22/06/2021,1624615400162.0,recommandation
60d1ee1c4497d2087fd54238,shown,6065c4c0c44cfd5b8e6c6724,22/06/2021,1624615393629.0,recommandation
60d1edcf4497d2087fd54237,sent,6065c4c0c44cfd5b8e6c6724,22/06/2021,1624370639933.0,recommandation
60be44f28df4186d86cff41d,sent,60bd455b8df4186d86cff363,07/06/2021,1623082226702.0,recommandation
60b642e12fd32b1293154a4c,hidden,60b5e96f2fd32b12931549fe,01/06/2021,1622557554381.0,recommandation
60acbf6e2fd32b129315453b,sent,60acb7e22fd32b1293154534,25/05/2021,1621933934135.0,recommandation
60acbf392fd32b129315453a,sent,60acb7e22fd32b1293154534,25/05/2021,1621933881167.0,recommandation
609a3ab42fd32b1293153a47,sent,6098f0602fd32b129315395f,11/05/2021,1620720308016.0,recommandation
609a3a872fd32b1293153a46,sent,6098f0602fd32b129315395f,11/05/2021,1620720263801.0,recommandation
607ecfa22fd32b1293152245,shown,607e8dc02fd32b129315222f,20/04/2021,1618932705953.0,recommandation
607ecf5e2fd32b1293152244,shown,607e8dc02fd32b129315222f,20/04/2021,1619518108463.0,recommandation
6075bb51c44cfd5b8e6c6f4f,sent,5e15fa5a42174218cf9339c8,13/04/2021,1618328401212.0,recommandation
6075ba94c44cfd5b8e6c6f4e,sent,5e15fa5a42174218cf9339c8,13/04/2021,1618328212356.0,recommandation
606c0dcfc44cfd5b8e6c6a1a,shown,605ba6a4c44cfd5b8e6c6309,06/04/2021,1652850848178.0,recommandation
606c0d55c44cfd5b8e6c6a19,shown,605ba6a4c44cfd5b8e6c6309,06/04/2021,1652850842211.0,recommandation
606c0d31c44cfd5b8e6c6a18,shown,605ba6a4c44cfd5b8e6c6309,06/04/2021,1652850829505.0,recommandation
605dc712c44cfd5b8e6c6445,shown,5f4e1901c0f0425b7114f03e,26/03/2021,1616957550079.0,recommandation
6041fa3e438dca1742a98b11,sent,6037967c79bc110f7b6690cd,05/03/2021,1614936638367.0,recommandation
602a807179bc110f7b668a47,sent,5f7f064c0f36a533fa58d8a1,15/02/2021,1613398129981.0,recommandation
602a804479bc110f7b668a46,shown,5f7f064c0f36a533fa58d8a1,15/02/2021,1613472528804.0,recommandation
602a801379bc110f7b668a45,sent,5f7f064c0f36a533fa58d8a1,15/02/2021,1613398035383.0,recommandation
602a7d5979bc110f7b668a43,sent,5f7f064c0f36a533fa58d8a1,15/02/2021,1613397337460.0,recommandation
6026b0366f28ac167974c707,sent,602693c06f28ac167974c6e1,12/02/2021,1613148214259.0,recommandation
601af9dd6f28ac167974bf46,sent,601980d16f28ac167974be93,03/02/2021,1612380637417.0,recommandation
601af9c46f28ac167974bf44,sent,601980d16f28ac167974be93,03/02/2021,1612380612695.0,recommandation
601af9b16f28ac167974bf43,sent,601980d16f28ac167974be93,03/02/2021,1612380593876.0,recommandation
601af99a6f28ac167974bf42,sent,601980d16f28ac167974be93,03/02/2021,1612380570874.0,recommandation
6019a5046f28ac167974bea6,sent,601980d16f28ac167974be93,02/02/2021,1612293380970.0,recommandation
6019570b6f28ac167974be6c,shown,5f4186f3c0f0425b7114e7c0,02/02/2021,1612349704915.0,recommandation
601920806f28ac167974be54,shown,5f56464fc0f0425b7114f4c6,02/02/2021,1612264194952.0,recommandation
601919496f28ac167974be4f,hidden,5d87d3b84472f16796e2aee8,02/02/2021,1612257685783.0,recommandation
60182cf96f28ac167974bdb6,sent,5fbbe3f21ccdfa7589ca57ba,01/02/2021,1612197113603.0,recommandation
6018137b6f28ac167974bda9,hidden,5dcd71c395b17d1ca50827dc,01/02/2021,1612190667797.0,recommandation
601804836f28ac167974bd9e,hidden,5e99800be1feb14ac5708ac6,01/02/2021,1612186885628.0,recommandation
6017e9936f28ac167974bd93,shown,5cdfbdf744870d61541d68cf,01/02/2021,1612206818883.0,recommandation
6017e3266f28ac167974bd8d,hidden,5dcd71c395b17d1ca50827dc,01/02/2021,1612178295439.0,recommandation
6017d2246f28ac167974bd89,shown,5e8d9c5ce1feb14ac5708165,01/02/2021,1626708330829.0,recommandation
6017bf076f28ac167974bd81,shown,5feb08346f28ac167974ac9a,01/02/2021,1612178676474.0,recommandation
6017af586f28ac167974bd7b,hidden,5d5abdc4d157c058dfecd1e7,01/02/2021,1612165029976.0,recommandation
6015e19f6f28ac167974bcf9,hidden,5fc0c9e81ccdfa7589ca5954,30/01/2021,1612048659751.0,recommandation
600aabbe6f28ac167974ba41,hidden,5fb6aefa1ccdfa7589ca5621,22/01/2021,1611312178719.0,recommandation
600944e16f28ac167974b9bb,hidden,5d87d3b84472f16796e2aee8,21/01/2021,1611220252314.0,recommandation
600939226f28ac167974b9ae,shown,5e3072f27ba2f4719ceb4d90,21/01/2021,1611241777743.0,recommandation
5ffc12f26f28ac167974b2a8,sent,5ebaacc0e1feb14ac570a3a5,11/01/2021,1610355442851.0,recommandation
5ffc125d6f28ac167974b2a7,sent,5ebaacc0e1feb14ac570a3a5,11/01/2021,1610355293398.0,recommandation
5fdb71d76f28ac167974a8b0,sent,5f5f72cfc0f0425b7114f875,17/11/2020,1608217047003.0,recommandation
5fda0aa16f28ac167974a769,sent,5d8c76d04472f16796e2af4f,16/11/2020,1608125089407.0,recommandation
5fd343aa6f28ac167974a51a,shown,5f3d3ffac0f0425b7114e498,11/11/2020,1607681171897.0,recommandation
5fd09fa46f28ac167974a422,shown,5f11c0c8e1feb14ac570e58e,09/11/2020,1607606976050.0,recommandation
5fd097466f28ac167974a41e,shown,5f11c0c8e1feb14ac570e58e,09/11/2020,1607507337627.0,recommandation
5fd090fe6f28ac167974a419,shown,5f367f78c0f0425b7114e06e,09/11/2020,1607622206500.0,recommandation
5fcfb3d96f28ac167974a3df,sent,5e71011edb8f357c02645dd2,08/11/2020,1607447513443.0,recommandation
5fcf3bca6f28ac167974a39b,hidden,5e9980a4e1feb14ac5708ac8,08/11/2020,1607416867116.0,recommandation
5fce43826f28ac167974a34d,shown,5f153b6de1feb14ac570e8b8,07/11/2020,1616942113918.0,recommandation
5fce3d296f28ac167974a344,shown,5f153b6de1feb14ac570e8b8,07/11/2020,1616942108132.0,recommandation
5fcdf8676f28ac167974a306,shown,5ddbc8907c188c7874a9d5c9,07/11/2020,1615221967537.0,recommandation
5fcdf83e6f28ac167974a305,hidden,5e9980a4e1feb14ac5708ac8,07/11/2020,1607334033074.0,recommandation
5fcb6c756f28ac167974a1fa,sent,5ddbc8907c188c7874a9d5c9,05/11/2020,1607167093746.0,recommandation
5fcb6c136f28ac167974a1f9,sent,5ddbc8907c188c7874a9d5c9,05/11/2020,1607166995144.0,recommandation
5fc67e6e1ccdfa7589ca5d3c,shown,5fbfbf5b1ccdfa7589ca5908,01/11/2020,1636286529821.0,recommandation
5fc278eb1ccdfa7589ca5ab7,shown,5fbfbf5b1ccdfa7589ca5908,28/10/2020,1607348660416.0,recommandation
5fc259d81ccdfa7589ca5aa8,shown,5fbfbf5b1ccdfa7589ca5908,28/10/2020,1606843948613.0,recommandation
5fc258981ccdfa7589ca5aa3,sent,5fbfbf5b1ccdfa7589ca5908,28/10/2020,1606572184811.0,recommandation
5fc250d31ccdfa7589ca5a99,sent,5fbfbf5b1ccdfa7589ca5908,28/10/2020,1606570195409.0,recommandation
5fc24e621ccdfa7589ca5a95,sent,5fbfbf5b1ccdfa7589ca5908,28/10/2020,1606569570691.0,recommandation
5fc24d401ccdfa7589ca5a92,sent,5fbfbf5b1ccdfa7589ca5908,28/10/2020,1606569280301.0,recommandation
5fc24d0f1ccdfa7589ca5a91,sent,5fbfbf5b1ccdfa7589ca5908,28/10/2020,1606569231111.0,recommandation
5fbff1e41ccdfa7589ca5920,sent,5fbfbf5b1ccdfa7589ca5908,26/10/2020,1606414820567.0,recommandation
5fbfce431ccdfa7589ca590c,hidden,5e5e15e0011e2b7c8fe78d74,26/10/2020,1606405819170.0,recommandation
5fbf71a51ccdfa7589ca58e8,shown,5cdfbdf744870d61541d68cf,26/10/2020,1606383833486.0,recommandation
5fbf6b7a1ccdfa7589ca58e5,shown,5ee7786fe1feb14ac570c656,26/10/2020,1606392793055.0,recommandation
5fbe792e1ccdfa7589ca58a0,hidden,5c52f8a1ea9407248fdd432a,25/10/2020,1606318700804.0,recommandation
5fbd406d1ccdfa7589ca5834,sent,5fbbe3f21ccdfa7589ca57ba,24/10/2020,1606238317082.0,recommandation
5fbd24b31ccdfa7589ca5825,shown,5eaacb97e1feb14ac5709790,24/10/2020,1606233250275.0,recommandation
5fbd10ed1ccdfa7589ca5816,shown,5ce3fbcfb0c8341cdddda0d1,24/10/2020,1606231837610.0,recommandation
5fbd07cc1ccdfa7589ca5810,shown,5e84a476db8f357c02646c89,24/10/2020,1606255161168.0,recommandation
5fbcd6231ccdfa7589ca57f7,shown,5e86f646db8f357c02646f5e,24/10/2020,1606212350245.0,recommandation
5fbbbda11ccdfa7589ca57a0,hidden,5e9eaa39e1feb14ac5708eb7,23/10/2020,1606139380434.0,recommandation
5fbb855a1ccdfa7589ca577a,hidden,5e9eaa39e1feb14ac5708eb7,23/10/2020,1606125078661.0,recommandation
5fbb76fd1ccdfa7589ca5773,hidden,5c52f8a1ea9407248fdd432a,23/10/2020,1606121351226.0,recommandation
5fb3e2731ccdfa7589ca54ef,sent,5e8f1781e1feb14ac570828a,17/10/2020,1605624435716.0,recommandation
5fb3e14c1ccdfa7589ca54ee,sent,5e8f1781e1feb14ac570828a,17/10/2020,1605624140605.0,recommandation
5fb286071ccdfa7589ca544c,sent,5fb27e451ccdfa7589ca5446,16/10/2020,1605535239449.0,recommandation
5fad0f211ccdfa7589ca5231,shown,5f198132c0f0425b7114c985,12/10/2020,1605383812665.0,recommandation
5faaaa9a1ccdfa7589ca5149,shown,5f198132c0f0425b7114c985,10/10/2020,1605383807335.0,recommandation
5faaa1101ccdfa7589ca5147,hidden,5efee6a5e1feb14ac570d8a9,10/10/2020,1605018296482.0,recommandation
5f9fe5587966b1211ecfd92d,shown,5ddbc8907c188c7874a9d5c9,02/10/2020,1604324495303.0,recommandation
5f9fe50a7966b1211ecfd92c,shown,5ddbc8907c188c7874a9d5c9,02/10/2020,1604315988622.0,recommandation
5f9fe4b37966b1211ecfd92b,shown,5ddbc8907c188c7874a9d5c9,02/10/2020,1604594800426.0,recommandation
5f96d6640f36a533fa58e176,sent,5f6610a5c0f0425b7114fcee,26/010/2020,1603720804317.0,recommandation
5f96d63a0f36a533fa58e175,sent,5f6610a5c0f0425b7114fcee,26/010/2020,1603720762276.0,recommandation
5f96d6140f36a533fa58e174,sent,5f6610a5c0f0425b7114fcee,26/010/2020,1603720724601.0,recommandation
5f92a5030f36a533fa58df45,hidden,5d025560fd26e33243bc5f92,23/010/2020,1604079055320.0,recommandation
5f904d260f36a533fa58de6d,hidden,5efee6a5e1feb14ac570d8a9,21/010/2020,1603292540993.0,recommandation
5f730b800f36a533fa58d300,hidden,5e2ea7207ba2f4719ceb4c02,29/09/2020,1601376062888.0,recommandation
5f71f8020f36a533fa58d2a5,shown,5d87d3b84472f16796e2aee8,28/09/2020,1601324969775.0,recommandation
5f6b01821ab7f55778306a80,shown,5d87d3b84472f16796e2aee8,23/09/2020,1600891651074.0,recommandation
5f64d429c0f0425b7114fc9c,sent,5defbef6123bfb2858a17473,18/09/2020,1600443433318.0,recommandation
5f60aff5c0f0425b7114fab3,sent,5f3a7748c0f0425b7114e2be,15/09/2020,1600172021644.0,recommandation
5f60afbcc0f0425b7114fab2,sent,5f3a7748c0f0425b7114e2be,15/09/2020,1600171964509.0,recommandation
5f60af52c0f0425b7114faaf,hidden,5f3a7748c0f0425b7114e2be,15/09/2020,1601540862975.0,recommandation
5f60af30c0f0425b7114faae,sent,5f3a7748c0f0425b7114e2be,15/09/2020,1600171824389.0,recommandation
5f60af14c0f0425b7114faad,sent,5f3a7748c0f0425b7114e2be,15/09/2020,1600171796349.0,recommandation
5f60aef0c0f0425b7114faac,sent,5f3a7748c0f0425b7114e2be,15/09/2020,1600171760802.0,recommandation
5f5f9313c0f0425b7114f8a1,shown,5defbef6123bfb2858a17473,14/09/2020,1600443407699.0,recommandation
5f5f8d13c0f0425b7114f89c,sent,5defbef6123bfb2858a17473,14/09/2020,1600097555134.0,recommandation
5f5f8cfbc0f0425b7114f89b,sent,5defbef6123bfb2858a17473,14/09/2020,1600097531081.0,recommandation
5f5f8c97c0f0425b7114f899,sent,5defbef6123bfb2858a17473,14/09/2020,1600097431342.0,recommandation
5f5f8c29c0f0425b7114f898,shown,5defbef6123bfb2858a17473,14/09/2020,1600101089016.0,recommandation
5f5f8c12c0f0425b7114f897,sent,5defbef6123bfb2858a17473,14/09/2020,1600097298811.0,recommandation
5f5f8bfec0f0425b7114f896,shown,5defbef6123bfb2858a17473,14/09/2020,1616698488451.0,recommandation
5f5f8be5c0f0425b7114f895,sent,5defbef6123bfb2858a17473,14/09/2020,1600097253138.0,recommandation
5f5f8bd0c0f0425b7114f894,sent,5defbef6123bfb2858a17473,14/09/2020,1600097232346.0,recommandation
5f5f8bbec0f0425b7114f893,sent,5defbef6123bfb2858a17473,14/09/2020,1600097214982.0,recommandation
5f5f8b97c0f0425b7114f892,shown,5defbef6123bfb2858a17473,14/09/2020,1600443394380.0,recommandation
5f5f8b67c0f0425b7114f891,sent,5defbef6123bfb2858a17473,14/09/2020,1600097127027.0,recommandation
5f5f8b17c0f0425b7114f88f,sent,5defbef6123bfb2858a17473,14/09/2020,1600097047478.0,recommandation
5f5f8aecc0f0425b7114f88c,sent,5defbef6123bfb2858a17473,14/09/2020,1600097004250.0,recommandation
5f5f87abc0f0425b7114f88b,shown,5f4e1901c0f0425b7114f03e,14/09/2020,1600955590629.0,recommandation
5f5f8778c0f0425b7114f88a,shown,5f4e1901c0f0425b7114f03e,14/09/2020,1600150085782.0,recommandation
5f59c41cc0f0425b7114f651,sent,5e5d5ee3011e2b7c8fe78d32,10/09/2020,1599718428201.0,recommandation
5f59c3c8c0f0425b7114f650,sent,5e5d5ee3011e2b7c8fe78d32,10/09/2020,1599718344730.0,recommandation
5f59c3a1c0f0425b7114f64f,sent,5e5d5ee3011e2b7c8fe78d32,10/09/2020,1599718305968.0,recommandation
5f51fe47c0f0425b7114f224,shown,5eac337fe1feb14ac57098b2,04/09/2020,1600696068684.0,recommandation
5f490c4ec0f0425b7114ed94,shown,5c73c8324d9bb55da5dbd83c,28/08/2020,1598624290581.0,recommandation
5f146ed9e1feb14ac570e80b,sent,5cfe21aefd26e33243bc5f50,19/07/2020,1595174617680.0,recommandation
5f146e56e1feb14ac570e808,sent,5cfe21aefd26e33243bc5f50,19/07/2020,1595174486502.0,recommandation
5f146de7e1feb14ac570e807,sent,5cfe21aefd26e33243bc5f50,19/07/2020,1595174375902.0,recommandation
5f146d8ce1feb14ac570e805,sent,5cfe21aefd26e33243bc5f50,19/07/2020,1595174284420.0,recommandation
5f146d2ce1feb14ac570e804,sent,5cfe21aefd26e33243bc5f50,19/07/2020,1595174188558.0,recommandation
5f146ccae1feb14ac570e802,sent,5cfe21aefd26e33243bc5f50,19/07/2020,1595174090845.0,recommandation
5f146c0fe1feb14ac570e800,sent,5cfe21aefd26e33243bc5f50,19/07/2020,1595173903707.0,recommandation
5f146b3be1feb14ac570e7fe,sent,5cfe21aefd26e33243bc5f50,19/07/2020,1595173691786.0,recommandation
5f146aabe1feb14ac570e7fd,sent,5cfe21aefd26e33243bc5f50,19/07/2020,1595173547726.0,recommandation
5f146a22e1feb14ac570e7fb,shown,5cfe21aefd26e33243bc5f50,19/07/2020,1596464830880.0,recommandation
5f1469e7e1feb14ac570e7fa,sent,5cfe21aefd26e33243bc5f50,19/07/2020,1595173351016.0,recommandation
5f14697ee1feb14ac570e7f8,sent,5cfe21aefd26e33243bc5f50,19/07/2020,1595173246946.0,recommandation
5f14691de1feb14ac570e7f6,sent,5cfe21aefd26e33243bc5f50,19/07/2020,1595173149671.0,recommandation
5f1468c9e1feb14ac570e7f5,sent,5cfe21aefd26e33243bc5f50,19/07/2020,1595173065036.0,recommandation
5f0f0590e1feb14ac570e3d5,sent,5def9c0e123bfb2858a1744f,15/07/2020,1594819984308.0,recommandation
5f03b6cfe1feb14ac570db86,sent,5ea993f2e1feb14ac57096bb,07/07/2020,1594078927586.0,recommandation
5f03b67de1feb14ac570db85,sent,5ea993f2e1feb14ac57096bb,07/07/2020,1594078845708.0,recommandation
5f03b658e1feb14ac570db84,sent,5ea993f2e1feb14ac57096bb,07/07/2020,1594078808134.0,recommandation
5f03b636e1feb14ac570db83,sent,5ea993f2e1feb14ac57096bb,07/07/2020,1594078774696.0,recommandation
5ef4f964e1feb14ac570d039,sent,5eebbc48e1feb14ac570c9f5,25/06/2020,1593112932830.0,recommandation
5eea4b35e1feb14ac570c947,shown,5eea47e1e1feb14ac570c942,17/06/2020,1593275039967.0,recommandation
5eea4b18e1feb14ac570c946,sent,5eea47e1e1feb14ac570c942,17/06/2020,1592412952658.0,recommandation
5eea4af8e1feb14ac570c945,shown,5eea47e1e1feb14ac570c942,17/06/2020,1592422869115.0,recommandation
5ee790fce1feb14ac570c6a6,shown,5dd46d2d23ed286749466f62,15/06/2020,1592237406783.0,recommandation
5ee79050e1feb14ac570c6a3,hidden,5dd46d2d23ed286749466f62,15/06/2020,1592296245535.0,recommandation
5ee781efe1feb14ac570c674,sent,5ee7786fe1feb14ac570c656,15/06/2020,1592230383762.0,recommandation
5ee781a3e1feb14ac570c673,shown,5ee7786fe1feb14ac570c656,15/06/2020,1592324305947.0,recommandation
5ee7818be1feb14ac570c672,shown,5ee7786fe1feb14ac570c656,15/06/2020,1592236097215.0,recommandation
5ee7588ae1feb14ac570c630,sent,5d36dc6b2ddad25407871897,15/06/2020,1592219786658.0,recommandation
5ee757bfe1feb14ac570c62f,sent,5d36dc6b2ddad25407871897,15/06/2020,1592219583361.0,recommandation
5ee75796e1feb14ac570c62e,sent,5d36dc6b2ddad25407871897,15/06/2020,1592219542180.0,recommandation
5ee73589e1feb14ac570c61c,sent,5e7257aadb8f357c02645ec4,15/06/2020,1592210825539.0,recommandation
5ee71acae1feb14ac570c5e9,sent,5d36dc6b2ddad25407871897,15/06/2020,1592203978316.0,recommandation
5ee71a9be1feb14ac570c5e7,shown,5d36dc6b2ddad25407871897,15/06/2020,1592219497896.0,recommandation
5ede11f9e1feb14ac570be4f,sent,5ec29fafe1feb14ac570aa1d,08/06/2020,1591611897553.0,recommandation
5edbff6be1feb14ac570bcf0,sent,5e99800be1feb14ac5708ac6,06/06/2020,1591476075005.0,recommandation
5ed8b393e1feb14ac570bb0f,sent,5ec448abe1feb14ac570abf5,04/06/2020,1591260051519.0,recommandation
5ed8b25fe1feb14ac570bb0d,sent,5ec448abe1feb14ac570abf5,04/06/2020,1591259743914.0,recommandation
5ed8b1fce1feb14ac570bb0c,sent,5ec448abe1feb14ac570abf5,04/06/2020,1591259644230.0,recommandation
5ecbbebbe1feb14ac570b1e3,shown,5e8c428ce1feb14ac5707f6b,25/05/2020,1593691339829.0,recommandation
5ecb958ee1feb14ac570b1ca,sent,5e71011edb8f357c02645dd2,25/05/2020,1590400398484.0,recommandation
5ec94fdfe1feb14ac570afd3,sent,5e7e349adb8f357c02646814,23/05/2020,1590251487376.0,recommandation
5ec94f66e1feb14ac570afd2,sent,5e7e349adb8f357c02646814,23/05/2020,1590251366631.0,recommandation
5ec94ccce1feb14ac570afd1,sent,5e7e349adb8f357c02646814,23/05/2020,1590250700726.0,recommandation
5ec94c52e1feb14ac570afd0,sent,5e7e349adb8f357c02646814,23/05/2020,1590250578508.0,recommandation
5ec94c08e1feb14ac570afcf,sent,5e7e349adb8f357c02646814,23/05/2020,1590250504703.0,recommandation
5ec94aa7e1feb14ac570afce,sent,5e7e349adb8f357c02646814,23/05/2020,1590250151669.0,recommandation
5ec94a5fe1feb14ac570afcd,shown,5e7e349adb8f357c02646814,23/05/2020,1590305335107.0,recommandation
5ec949fde1feb14ac570afcc,sent,5e7e349adb8f357c02646814,23/05/2020,1590249981169.0,recommandation
5ec949b7e1feb14ac570afcb,shown,5e7e349adb8f357c02646814,23/05/2020,1591256270564.0,recommandation
5ec94967e1feb14ac570afca,sent,5e7e349adb8f357c02646814,23/05/2020,1590249831788.0,recommandation
5ec94927e1feb14ac570afc9,shown,5e7e349adb8f357c02646814,23/05/2020,1590305322702.0,recommandation
5ec51b93e1feb14ac570acad,sent,5ea67137e1feb14ac5709411,20/05/2020,1589975955363.0,recommandation
5ec51b7ee1feb14ac570acac,sent,5ea67137e1feb14ac5709411,20/05/2020,1589975934266.0,recommandation
5ec41023e1feb14ac570abd1,shown,5ec404c5e1feb14ac570abc5,19/05/2020,1589907707933.0,recommandation
5ec24ef8e1feb14ac570a9d3,shown,5ea67137e1feb14ac5709411,18/05/2020,1589793451339.0,recommandation
5ec24ed8e1feb14ac570a9d2,sent,5ea67137e1feb14ac5709411,18/05/2020,1589792472538.0,recommandation
5ec24ebbe1feb14ac570a9d1,sent,5ea67137e1feb14ac5709411,18/05/2020,1589792443474.0,recommandation
5ec24e9ee1feb14ac570a9cf,sent,5ea67137e1feb14ac5709411,18/05/2020,1589792414256.0,recommandation
5ec24e76e1feb14ac570a9ce,sent,5ea67137e1feb14ac5709411,18/05/2020,1589792374090.0,recommandation
5ec24e5ee1feb14ac570a9cc,sent,5ea67137e1feb14ac5709411,18/05/2020,1589792350143.0,recommandation
5ec24e37e1feb14ac570a9cb,sent,5ea67137e1feb14ac5709411,18/05/2020,1589792311976.0,recommandation
,,,,,recommandation
,,,,,recommandation
,,,,,recommandation
,,,,,recommandation
,,,,,recommandation
5ebab98ae1feb14ac570a3ab,sent,5ebaacc0e1feb14ac570a3a5,12/05/2020,1589295498059.0,recommandation
5eb20382e1feb14ac5709d43,shown,5e99800be1feb14ac5708ac6,06/05/2020,1588841917316.0,recommandation
5eb19726e1feb14ac5709cfa,sent,5eb01cd3e1feb14ac5709b9d,05/05/2020,1588696870578.0,recommandation
5eb11b08e1feb14ac5709c92,sent,5e58c382011e2b7c8fe78a71,05/05/2020,1588665096205.0,recommandation
5eb118e2e1feb14ac5709c8d,sent,5eb01cd3e1feb14ac5709b9d,05/05/2020,1588664546782.0,recommandation
5eb1188be1feb14ac5709c8c,sent,5eb01cd3e1feb14ac5709b9d,05/05/2020,1588664459550.0,recommandation
5eb11863e1feb14ac5709c8b,sent,5eb01cd3e1feb14ac5709b9d,05/05/2020,1588664419354.0,recommandation
5eb1183fe1feb14ac5709c8a,sent,5eb01cd3e1feb14ac5709b9d,05/05/2020,1588664383548.0,recommandation
5eb117e0e1feb14ac5709c88,sent,5eb01cd3e1feb14ac5709b9d,05/05/2020,1588664288595.0,recommandation
5eb115d4e1feb14ac5709c85,sent,5eb01cd3e1feb14ac5709b9d,05/05/2020,1588663764228.0,recommandation
5eb10eade1feb14ac5709c82,shown,5eb01cd3e1feb14ac5709b9d,05/05/2020,1588697082202.0,recommandation
5eb0796be1feb14ac5709c1b,hidden,5eb01cd3e1feb14ac5709b9d,04/05/2020,1589795120124.0,recommandation
5eb07840e1feb14ac5709c17,shown,5eb01cd3e1feb14ac5709b9d,04/05/2020,1588697074063.0,recommandation
5eb0781ee1feb14ac5709c15,sent,5eb01cd3e1feb14ac5709b9d,04/05/2020,1588623390058.0,recommandation
5eb07754e1feb14ac5709c13,sent,5eb01cd3e1feb14ac5709b9d,04/05/2020,1588623188040.0,recommandation
5eb076ace1feb14ac5709c12,sent,5eb01cd3e1feb14ac5709b9d,04/05/2020,1588623020932.0,recommandation
5eb07694e1feb14ac5709c11,hidden,5eb01cd3e1feb14ac5709b9d,04/05/2020,1589193319169.0,recommandation
5eb0763fe1feb14ac5709c10,shown,5eb01cd3e1feb14ac5709b9d,04/05/2020,1588696938700.0,recommandation
5eb07609e1feb14ac5709c0f,sent,5eb01cd3e1feb14ac5709b9d,04/05/2020,1588622857323.0,recommandation
5eb075f5e1feb14ac5709c0e,sent,5eb01cd3e1feb14ac5709b9d,04/05/2020,1588622837217.0,recommandation
5eb075ede1feb14ac5709c0d,sent,5eb01cd3e1feb14ac5709b9d,04/05/2020,1588622829733.0,recommandation
5eb0759ee1feb14ac5709c0c,shown,5eb01cd3e1feb14ac5709b9d,04/05/2020,1588696920174.0,recommandation
5eb07488e1feb14ac5709c0a,sent,5eb01cd3e1feb14ac5709b9d,04/05/2020,1588622472234.0,recommandation
5eb07463e1feb14ac5709c09,sent,5eb01cd3e1feb14ac5709b9d,04/05/2020,1588622435925.0,recommandation
5eb073f1e1feb14ac5709c07,sent,5eb01cd3e1feb14ac5709b9d,04/05/2020,1588622321212.0,recommandation
5eb072fce1feb14ac5709c04,shown,5eb01cd3e1feb14ac5709b9d,04/05/2020,1588696908124.0,recommandation
5eb072a8e1feb14ac5709c03,sent,5eb01cd3e1feb14ac5709b9d,04/05/2020,1588621992653.0,recommandation
5eb0728ce1feb14ac5709c02,sent,5eb01cd3e1feb14ac5709b9d,04/05/2020,1588621964094.0,recommandation
5eb07272e1feb14ac5709c00,sent,5eb01cd3e1feb14ac5709b9d,04/05/2020,1588621938235.0,recommandation
5eb0726ae1feb14ac5709bff,sent,5eb01cd3e1feb14ac5709b9d,04/05/2020,1588621930687.0,recommandation
5eb07250e1feb14ac5709bfe,sent,5eb01cd3e1feb14ac5709b9d,04/05/2020,1588621904202.0,recommandation
5eb071e5e1feb14ac5709bfd,hidden,5eb01cd3e1feb14ac5709b9d,04/05/2020,1589273899992.0,recommandation
5eb071bce1feb14ac5709bfc,sent,5eb01cd3e1feb14ac5709b9d,04/05/2020,1588621756379.0,recommandation
5eb07177e1feb14ac5709bfb,sent,5eb01cd3e1feb14ac5709b9d,04/05/2020,1588621687864.0,recommandation
5eb07153e1feb14ac5709bfa,sent,5eb01cd3e1feb14ac5709b9d,04/05/2020,1588621651788.0,recommandation
5eb02993e1feb14ac5709bd6,sent,5eb01cd3e1feb14ac5709b9d,04/05/2020,1588603283016.0,recommandation
5eb0297ae1feb14ac5709bd4,sent,5eb01cd3e1feb14ac5709b9d,04/05/2020,1588603258435.0,recommandation
5eb02935e1feb14ac5709bd2,sent,5eb01cd3e1feb14ac5709b9d,04/05/2020,1588603189200.0,recommandation
5eb02911e1feb14ac5709bd1,sent,5eb01cd3e1feb14ac5709b9d,04/05/2020,1588603153051.0,recommandation
5eb028f2e1feb14ac5709bd0,sent,5eb01cd3e1feb14ac5709b9d,04/05/2020,1588603122323.0,recommandation
5eb028b0e1feb14ac5709bcf,sent,5eb01cd3e1feb14ac5709b9d,04/05/2020,1588603056217.0,recommandation
5eb028a0e1feb14ac5709bce,sent,5eb01cd3e1feb14ac5709b9d,04/05/2020,1588603040223.0,recommandation
5eb0286be1feb14ac5709bcd,sent,5eb01cd3e1feb14ac5709b9d,04/05/2020,1588602987249.0,recommandation
5eb02860e1feb14ac5709bcc,shown,5eb01cd3e1feb14ac5709b9d,04/05/2020,1588663780810.0,recommandation
5eb02851e1feb14ac5709bcb,sent,5eb01cd3e1feb14ac5709b9d,04/05/2020,1588602961463.0,recommandation
5eb02822e1feb14ac5709bca,sent,5eb01cd3e1feb14ac5709b9d,04/05/2020,1588602914015.0,recommandation
5eb027f8e1feb14ac5709bc9,sent,5eb01cd3e1feb14ac5709b9d,04/05/2020,1588602872248.0,recommandation
5eb027d9e1feb14ac5709bc8,shown,5eb01cd3e1feb14ac5709b9d,04/05/2020,1588663773652.0,recommandation
5eb027c7e1feb14ac5709bc7,sent,5eb01cd3e1feb14ac5709b9d,04/05/2020,1588602823018.0,recommandation
5eb027bce1feb14ac5709bc6,sent,5eb01cd3e1feb14ac5709b9d,04/05/2020,1588602812751.0,recommandation
5eb027a9e1feb14ac5709bc5,sent,5eb01cd3e1feb14ac5709b9d,04/05/2020,1588602793478.0,recommandation
5eb0279ce1feb14ac5709bc4,sent,5eb01cd3e1feb14ac5709b9d,04/05/2020,1588602780670.0,recommandation
5eac4145e1feb14ac57098bb,shown,5eac337fe1feb14ac57098b2,01/05/2020,1588852192200.0,recommandation
5eaae98ae1feb14ac57097b1,shown,5ea00141e1feb14ac5708f9f,30/04/2020,1588261982179.0,recommandation
5ea93c6ee1feb14ac570965f,sent,5de646f8b5c16401fb9e861b,29/04/2020,1588149358290.0,recommandation
5ea82924e1feb14ac57095a8,shown,5e8c428ce1feb14ac5707f6b,28/04/2020,1588192632738.0,recommandation
5ea7e979e1feb14ac5709585,sent,5ea7e1e4e1feb14ac5709567,28/04/2020,1588062585210.0,recommandation
5ea6a3f1e1feb14ac5709467,sent,5e9eb487e1feb14ac5708ec9,27/04/2020,1587979249600.0,recommandation
5ea6a31fe1feb14ac5709465,sent,5e9eb487e1feb14ac5708ec9,27/04/2020,1587979039727.0,recommandation
5ea67db5e1feb14ac570941e,sent,5ea67137e1feb14ac5709411,27/04/2020,1587969461331.0,recommandation
5ea67cd4e1feb14ac570941d,sent,5ea67137e1feb14ac5709411,27/04/2020,1587969236009.0,recommandation
5ea679c8e1feb14ac5709418,sent,5ea67137e1feb14ac5709411,27/04/2020,1587968456634.0,recommandation
5ea6798de1feb14ac5709417,sent,5ea67137e1feb14ac5709411,27/04/2020,1587968397897.0,recommandation
5ea67950e1feb14ac5709416,sent,5ea67137e1feb14ac5709411,27/04/2020,1587968336472.0,recommandation
5ea67919e1feb14ac5709415,sent,5ea67137e1feb14ac5709411,27/04/2020,1587968281552.0,recommandation
5ea678e6e1feb14ac5709414,shown,5ea67137e1feb14ac5709411,27/04/2020,1588228231802.0,recommandation
5ea2aa72e1feb14ac57091e7,shown,5e8c428ce1feb14ac5707f6b,24/04/2020,1587976676308.0,recommandation
5ea1aeafe1feb14ac57090cc,shown,5e8c428ce1feb14ac5707f6b,23/04/2020,1587718809726.0,recommandation
5ea188b8e1feb14ac57090a3,sent,5e6a446c6a46f84e73af080d,23/04/2020,1587644600780.0,recommandation
5ea14561e1feb14ac570905b,shown,5e8c428ce1feb14ac5707f6b,23/04/2020,1588192514680.0,recommandation
5ea14543e1feb14ac570905a,sent,5e8c428ce1feb14ac5707f6b,23/04/2020,1587627331461.0,recommandation
5ea003c9e1feb14ac5708fa2,sent,5ea00141e1feb14ac5708f9f,22/04/2020,1587545033952.0,recommandation
5e9ebb88e1feb14ac5708ed2,sent,5e9eaa39e1feb14ac5708eb7,21/04/2020,1587461000160.0,recommandation
5e9ebaffe1feb14ac5708ece,sent,5e9eaa39e1feb14ac5708eb7,21/04/2020,1587460863187.0,recommandation
5e9eba84e1feb14ac5708ecd,sent,5e9eaa39e1feb14ac5708eb7,21/04/2020,1587460740242.0,recommandation
5e930d54e1feb14ac5708574,sent,5e8c9645e1feb14ac5707fb4,12/04/2020,1586695508669.0,recommandation
5e930d1ee1feb14ac5708573,shown,5e8c9645e1feb14ac5707fb4,12/04/2020,1586697798171.0,recommandation
5e8f1db0e1feb14ac570828f,shown,5e8c9645e1feb14ac5707fb4,09/04/2020,1586692093619.0,recommandation
5e8ef334e1feb14ac570826c,shown,5e3072f27ba2f4719ceb4d90,09/04/2020,1638349917399.0,recommandation
5e884e1cdb8f357c0264703d,sent,5e84a476db8f357c02646c89,04/04/2020,1585991196405.0,recommandation
5e884dfddb8f357c0264703c,sent,5e84a476db8f357c02646c89,04/04/2020,1585991165612.0,recommandation
5e884ddedb8f357c0264703b,sent,5e84a476db8f357c02646c89,04/04/2020,1585991134157.0,recommandation
5e884daedb8f357c0264703a,sent,5e84a476db8f357c02646c89,04/04/2020,1585991086018.0,recommandation
5e85a69bdb8f357c02646d53,sent,5e85a50ddb8f357c02646d51,02/04/2020,1585817243670.0,recommandation
5e84b982db8f357c02646cab,sent,5e84ab14db8f357c02646c95,01/04/2020,1585756546806.0,recommandation
5e84b920db8f357c02646ca8,shown,5e84ab14db8f357c02646c95,01/04/2020,1585816491170.0,recommandation
5e81fadedb8f357c02646a91,sent,5e81f8fadb8f357c02646a8a,30/03/2020,1585576670058.0,recommandation
5e7cdac6db8f357c026466d3,sent,5e7cc04adb8f357c026466a1,26/03/2020,1585240774340.0,recommandation
5e7cda7fdb8f357c026466d2,shown,5e7cc04adb8f357c026466a1,26/03/2020,1589212969822.0,recommandation
5e7cbf3cdb8f357c0264669a,sent,5e7cbbeadb8f357c02646684,26/03/2020,1585233724309.0,recommandation
5e7c6b94db8f357c02646611,sent,5e71011edb8f357c02645dd2,26/03/2020,1585212308534.0,recommandation
5e7c6b52db8f357c02646610,sent,5e71011edb8f357c02645dd2,26/03/2020,1585212242264.0,recommandation
5e7b69bcdb8f357c02646576,sent,5e71011edb8f357c02645dd2,25/03/2020,1585146300490.0,recommandation
5e7b69a3db8f357c02646575,shown,5e71011edb8f357c02645dd2,25/03/2020,1585212174825.0,recommandation
5e78f49edb8f357c0264638b,sent,5e5d5ee3011e2b7c8fe78d32,23/03/2020,1584985246073.0,recommandation
5e78f480db8f357c0264638a,sent,5e5d5ee3011e2b7c8fe78d32,23/03/2020,1584985216087.0,recommandation
5e78f464db8f357c02646389,shown,5e5d5ee3011e2b7c8fe78d32,23/03/2020,1585844286951.0,recommandation
5e78f44ddb8f357c02646388,sent,5e5d5ee3011e2b7c8fe78d32,23/03/2020,1584985165125.0,recommandation
5e78f436db8f357c02646387,sent,5e5d5ee3011e2b7c8fe78d32,23/03/2020,1584985142141.0,recommandation
5e71d8f8db8f357c02645e64,sent,5bd1e3548837de33a00d284e,18/03/2020,1584519416215.0,recommandation
5e6b62ba6a46f84e73af08b5,shown,5e5f84136a46f84e73af008e,13/03/2020,1584108735104.0,recommandation
5e6a6ead6a46f84e73af0833,sent,5e32cb6a7ba2f4719ceb4f00,12/03/2020,1584033453749.0,recommandation
5e69f5776a46f84e73af07bd,shown,5de4f695e8456e13c37a97db,12/03/2020,1584003002449.0,recommandation
5e69f5666a46f84e73af07bc,sent,5de4f695e8456e13c37a97db,12/03/2020,1584002406690.0,recommandation
5e69f3d56a46f84e73af07bb,shown,5e3072f27ba2f4719ceb4d90,12/03/2020,1638349900710.0,recommandation
5e69eb206a46f84e73af07b0,sent,5d67dbe5d157c058dfecd26c,12/03/2020,1583999776671.0,recommandation
5e68b5e16a46f84e73af06d5,sent,5e5408393b7cd27e6511ff30,11/03/2020,1583920609035.0,recommandation
5e6646256a46f84e73af054c,sent,5d025560fd26e33243bc5f92,09/03/2020,1583760933656.0,recommandation
5e6645206a46f84e73af054a,sent,5e3072f27ba2f4719ceb4d90,09/03/2020,1583760672715.0,recommandation
5e66446e6a46f84e73af0549,sent,5e3072f27ba2f4719ceb4d90,09/03/2020,1583760494991.0,recommandation
5e65f3586a46f84e73af050d,shown,5e3072f27ba2f4719ceb4d90,09/03/2020,1638349886150.0,recommandation
5e626aca6a46f84e73af0323,shown,5e3072f27ba2f4719ceb4d90,06/03/2020,1638349874209.0,recommandation
5e623cc56a46f84e73af02d9,shown,5e3072f27ba2f4719ceb4d90,06/03/2020,1638349799908.0,recommandation
5e6138656a46f84e73af0203,sent,5e3072f27ba2f4719ceb4d90,05/03/2020,1583429733266.0,recommandation
5e6109b46a46f84e73af01de,sent,5e3072f27ba2f4719ceb4d90,05/03/2020,1583417780811.0,recommandation
5e5d2f9a011e2b7c8fe78d20,sent,5e3072f27ba2f4719ceb4d90,02/03/2020,1583165338483.0,recommandation
5e5914c6011e2b7c8fe78ac8,sent,5e56579970b3466dc489a450,28/02/2020,1582896326405.0,recommandation
5e59147d011e2b7c8fe78ac7,shown,5e56579970b3466dc489a450,28/02/2020,1583090050107.0,recommandation
5e58ccf1011e2b7c8fe78a84,sent,5e58c382011e2b7c8fe78a71,28/02/2020,1582877937915.0,recommandation
5e58ccae011e2b7c8fe78a83,sent,5e58c382011e2b7c8fe78a71,28/02/2020,1582877870797.0,recommandation
5e58cc82011e2b7c8fe78a82,hidden,5e58c382011e2b7c8fe78a71,28/02/2020,1583308971671.0,recommandation
5e58cbf9011e2b7c8fe78a80,sent,5e58c382011e2b7c8fe78a71,28/02/2020,1582877689649.0,recommandation
5e4eb582b37c604d37272a65,shown,5e3072f27ba2f4719ceb4d90,20/02/2020,1638349780845.0,recommandation
5e4eb4feb37c604d37272a64,shown,5e3072f27ba2f4719ceb4d90,20/02/2020,1638349773552.0,recommandation
5e4eb1a7b37c604d37272a5a,sent,5e3072f27ba2f4719ceb4d90,20/02/2020,1582215591862.0,recommandation
5e4e773eb37c604d37272a2b,shown,5e3072f27ba2f4719ceb4d90,20/02/2020,1638349755815.0,recommandation
5e4af04249436c514146f815,sent,5e3f1004cb525c5678ecbb3d,17/02/2020,1581969474332.0,recommandation
5e442373cb525c5678ecbee4,shown,5e38614fb10daf306ef8ea43,12/02/2020,1581526027948.0,recommandation
5e413074cb525c5678ecbc79,sent,5e38614fb10daf306ef8ea43,10/02/2020,1581330548201.0,recommandation
5e3864d5b10daf306ef8ea4e,shown,5e38614fb10daf306ef8ea43,03/02/2020,1580842178436.0,recommandation
5e3864aab10daf306ef8ea4d,sent,5e38614fb10daf306ef8ea43,03/02/2020,1580754090592.0,recommandation
5e38646fb10daf306ef8ea4c,shown,5e38614fb10daf306ef8ea43,03/02/2020,1580932687660.0,recommandation
5e3863edb10daf306ef8ea4b,sent,5e38614fb10daf306ef8ea43,03/02/2020,1580753901366.0,recommandation
5e386350b10daf306ef8ea4a,shown,5e38614fb10daf306ef8ea43,03/02/2020,1582977088258.0,recommandation
5e3862a1b10daf306ef8ea48,sent,5e38614fb10daf306ef8ea43,03/02/2020,1580753569069.0,recommandation
5e38628eb10daf306ef8ea47,sent,5e38614fb10daf306ef8ea43,03/02/2020,1580753550467.0,recommandation
5e386274b10daf306ef8ea46,sent,5e38614fb10daf306ef8ea43,03/02/2020,1580753524998.0,recommandation
5e3806997ba2f4719ceb522a,sent,5e38002a7ba2f4719ceb521e,03/02/2020,1580730009056.0,recommandation
5e3806487ba2f4719ceb5229,sent,5e38002a7ba2f4719ceb521e,03/02/2020,1580729928442.0,recommandation
5e31e9977ba2f4719ceb4ea2,sent,5dee61f2bc9b417d5cf6364c,29/01/2020,1580329367791.0,recommandation
5e31ce1e7ba2f4719ceb4e9a,sent,5dee61f2bc9b417d5cf6364c,29/01/2020,1580322334688.0,recommandation
5e31cd447ba2f4719ceb4e99,sent,5dee61f2bc9b417d5cf6364c,29/01/2020,1580322116678.0,recommandation
5e31cc877ba2f4719ceb4e98,shown,5dee61f2bc9b417d5cf6364c,29/01/2020,1580328993899.0,recommandation
5e31cc1b7ba2f4719ceb4e97,shown,5dee61f2bc9b417d5cf6364c,29/01/2020,1580744411296.0,recommandation
5e2ec9687ba2f4719ceb4c33,sent,5e2ea7207ba2f4719ceb4c02,27/01/2020,1580124520453.0,recommandation
5e29af717ba2f4719ceb490b,sent,5e29a4f17ba2f4719ceb4906,23/01/2020,1579790193441.0,recommandation
5e27170a36df8a566356d7a3,shown,5def64c2bc9b417d5cf6366f,21/01/2020,1580288074486.0,recommandation
5e2464fa1b441520ee74885d,sent,5def64c2bc9b417d5cf6366f,19/01/2020,1579443450436.0,recommandation
5e21943b1b441520ee74881e,shown,5de7e1fa9209a135389958c2,17/01/2020,1580373551532.0,recommandation
5e2193951b441520ee74881d,shown,5de7e1fa9209a135389958c2,17/01/2020,1580807733933.0,recommandation
5e2068fc1b441520ee748806,sent,5c9c8633d10aab0a4c954de5,16/01/2020,1579182332350.0,recommandation
5e20689a1b441520ee748805,shown,5c9c8633d10aab0a4c954de5,16/01/2020,1579184301582.0,recommandation
5e2068701b441520ee748804,sent,5c9c8633d10aab0a4c954de5,16/01/2020,1579182192509.0,recommandation
5e20684a1b441520ee748803,shown,5c9c8633d10aab0a4c954de5,16/01/2020,1579620226408.0,recommandation
5e20681e1b441520ee748802,shown,5c9c8633d10aab0a4c954de5,16/01/2020,1579183098333.0,recommandation
5e2067b81b441520ee748801,sent,5c9c8633d10aab0a4c954de5,16/01/2020,1579182008834.0,recommandation
5e2067851b441520ee748800,shown,5c9c8633d10aab0a4c954de5,16/01/2020,1579184313380.0,recommandation
5e2063aa1b441520ee7487ff,shown,5c7d29b7dee03a5fd7244082,16/01/2020,1579190698602.0,recommandation
5e2034fe1b441520ee7487fc,shown,5d931c944472f16796e2af87,16/01/2020,1579170471203.0,recommandation
5e1f11d81b441520ee7487e9,shown,5e0dfd1742174218cf93391d,15/01/2020,1579184828369.0,recommandation
5e1dbde542174218cf933a93,shown,5df2434e89e866574615047c,14/01/2020,1579085305901.0,recommandation
5e160e2842174218cf9339d9,sent,5e1600a442174218cf9339d3,08/01/2020,1578503720593.0,recommandation
5e0f7fd842174218cf933969,shown,5daf6ea44472f16796e2b0d0,03/01/2020,1582908019377.0,recommandation
5e0f7f6542174218cf933968,sent,5daf6ea44472f16796e2b0d0,03/01/2020,1578073957815.0,recommandation
5e0f7f0542174218cf933967,sent,5daf6ea44472f16796e2b0d0,03/01/2020,1578073861609.0,recommandation
5e0f663b42174218cf933957,shown,5de39c60e8456e13c37a97c8,03/01/2020,1578075531737.0,recommandation
5e0f65e242174218cf933956,shown,5de39c60e8456e13c37a97c8,03/01/2020,1582549418516.0,recommandation
5e0f056142174218cf933934,shown,5e0f021942174218cf933932,03/01/2020,1649059095084.0,recommandation
5e0e040b42174218cf933921,sent,5e0dfd1742174218cf93391d,02/01/2020,1577976843395.0,recommandation
5e0e03ff42174218cf933920,sent,5e0dfd1742174218cf93391d,02/01/2020,1577976831583.0,recommandation
5e0dcf8b42174218cf933916,sent,5c73c8324d9bb55da5dbd83c,02/01/2020,1577963403516.0,recommandation
5dfe439b42174218cf933881,sent,5de126ece8456e13c37a97aa,21/11/2019,1576944539039.0,recommandation
5dfcafd242174218cf933871,sent,5c7d29b7dee03a5fd7244082,20/11/2019,1576841170870.0,recommandation
5dfca77042174218cf93386d,sent,5de126ece8456e13c37a97aa,20/11/2019,1576839024847.0,recommandation
5dfa0dda89e8665746150507,sent,5df9e63b89e8665746150504,18/11/2019,1576668634304.0,recommandation
5df9466189e8665746150501,sent,5df2434e89e866574615047c,17/11/2019,1576617569065.0,recommandation
5df7fc4589e86657461504ea,sent,5df2434e89e866574615047c,16/11/2019,1576533061642.0,recommandation
5df7fbfb89e86657461504e9,sent,5df2434e89e866574615047c,16/11/2019,1576532987852.0,recommandation
5df2077389e866574615046f,sent,5df161ae89e8665746150468,12/11/2019,1576142707080.0,recommandation
5ded12059209a1353899591d,shown,5da0e2bf4472f16796e2b04a,08/11/2019,1575829122836.0,recommandation
5dea47199209a135389958f1,shown,5c7d29b7dee03a5fd7244082,06/11/2019,1579191565885.0,recommandation
5de8c10a9209a135389958c9,shown,5de4c5b5e8456e13c37a97d2,05/11/2019,1575536339150.0,recommandation
5de7d2039209a135389958c0,sent,5de7c4e59209a135389958bb,04/11/2019,1575473667819.0,recommandation
5de7d1ed9209a135389958bf,sent,5de7c4e59209a135389958bb,04/11/2019,1575473645601.0,recommandation
5de7866c9209a135389958b3,shown,5de77fa39209a135389958b2,04/11/2019,1575468190057.0,recommandation
5de4c7abe8456e13c37a97d4,hidden,5de4c5b5e8456e13c37a97d2,02/11/2019,1575274411676.0,recommandation
5ddfb2e339aed1787a26d9c7,sent,5db1b1704472f16796e2b101,28/10/2019,1574941411272.0,recommandation
5dde9b29b9bce1247ed95acc,sent,5c7d29b7dee03a5fd7244082,27/10/2019,1574869801317.0,recommandation
5dde8783b9bce1247ed95aba,sent,5dd64d397c188c7874a9d4ff,27/10/2019,1574864771450.0,recommandation
5dd671ef7c188c7874a9d506,shown,5cb6fc24d10aab0a4c954e36,21/10/2019,1574352721425.0,recommandation
5dd66a117c188c7874a9d504,shown,5d791e564472f16796e2ae72,21/10/2019,1579515047831.0,recommandation
5dd669da7c188c7874a9d503,shown,5d791e564472f16796e2ae72,21/10/2019,1575276697034.0,recommandation
5dd669ba7c188c7874a9d502,shown,5d791e564472f16796e2ae72,21/10/2019,1574332858427.0,recommandation
5dd26bac95b17d1ca50828bd,sent,5dd26a0995b17d1ca50828bc,18/10/2019,1574071212667.0,recommandation
5dd19ce695b17d1ca5082898,sent,5d98c2654472f16796e2afd5,17/10/2019,1574018278955.0,recommandation
5dd19b7495b17d1ca5082894,sent,5d98c2654472f16796e2afd5,17/10/2019,1574017908611.0,recommandation
5dd19b2895b17d1ca5082892,sent,5d98c2654472f16796e2afd5,17/10/2019,1574017832484.0,recommandation
5dd19ae095b17d1ca5082891,sent,5d98c2654472f16796e2afd5,17/10/2019,1574017760889.0,recommandation
5dd19a8e95b17d1ca5082890,sent,5d98c2654472f16796e2afd5,17/10/2019,1574017678017.0,recommandation
5dd19a3395b17d1ca508288f,sent,5d98c2654472f16796e2afd5,17/10/2019,1574017587972.0,recommandation
5dd199a595b17d1ca508288e,sent,5d98c2654472f16796e2afd5,17/10/2019,1574017445334.0,recommandation
5dd197c795b17d1ca508288d,sent,5d98c2654472f16796e2afd5,17/10/2019,1574016967173.0,recommandation
5dd1975395b17d1ca508288c,sent,5d98c2654472f16796e2afd5,17/10/2019,1574016851160.0,recommandation
5dd1970d95b17d1ca508288b,sent,5d98c2654472f16796e2afd5,17/10/2019,1574016781457.0,recommandation
5dd1969e95b17d1ca508288a,sent,5d98c2654472f16796e2afd5,17/10/2019,1574016670004.0,recommandation
5dd1941495b17d1ca5082889,sent,5d98c2654472f16796e2afd5,17/10/2019,1574016020218.0,recommandation
5dd1870895b17d1ca5082887,shown,5d98c2654472f16796e2afd5,17/10/2019,1574015903863.0,recommandation
5dcea70095b17d1ca5082810,sent,5dcd2e9195b17d1ca50827c4,15/10/2019,1573824256523.0,recommandation
5dcea58295b17d1ca508280f,sent,5dcd2e9195b17d1ca50827c4,15/10/2019,1573823874854.0,recommandation
5dcea52a95b17d1ca508280e,sent,5dcd2e9195b17d1ca50827c4,15/10/2019,1573823786086.0,recommandation
5dcd69ab95b17d1ca50827da,shown,5dcd2e9195b17d1ca50827c4,14/10/2019,1574329494983.0,recommandation
5dc827eff6a7d233588a5f2b,shown,5d7f78694472f16796e2aeab,10/10/2019,1573822199684.0,recommandation
5dc08a51f6a7d233588a5ef7,sent,5daf6ea44472f16796e2b0d0,04/10/2019,1572899409591.0,recommandation
5dc054dff6a7d233588a5eed,sent,5c7d29b7dee03a5fd7244082,04/10/2019,1572885727486.0,recommandation
5dbffe1df6a7d233588a5ecd,sent,5d752f484472f16796e2ae51,04/10/2019,1572863517710.0,recommandation
5dbfe4d1f6a7d233588a5ec8,sent,5d888a674472f16796e2aef6,04/10/2019,1572857041358.0,recommandation
5dbf204df6a7d233588a5ec1,sent,5cfe2a0dfd26e33243bc5f52,03/10/2019,1572806733517.0,recommandation
5dbb18c5f6a7d233588a5eb6,sent,5db1b1704472f16796e2b101,31/010/2019,1572542661404.0,recommandation
5dbb0e6cf6a7d233588a5eb0,shown,5cfe2a0dfd26e33243bc5f52,31/010/2019,1572860633447.0,recommandation
5dbaef56f6a7d233588a5eae,shown,5d52d63f2ddad254078719c3,31/010/2019,1627375907284.0,recommandation
5dbaeeeff6a7d233588a5ead,sent,5d52d63f2ddad254078719c3,31/010/2019,1572531951526.0,recommandation
5dbaecf2f6a7d233588a5eab,shown,5d52d63f2ddad254078719c3,31/010/2019,1627375899115.0,recommandation
5db74ebcf6a7d233588a5e9f,sent,5da0e2bf4472f16796e2b04a,28/010/2019,1572294332246.0,recommandation
5db464444472f16796e2b118,shown,5db455884472f16796e2b116,26/010/2019,1572205735800.0,recommandation
5db463f64472f16796e2b117,shown,5db455884472f16796e2b116,26/010/2019,1572202740515.0,recommandation
5db3356c4472f16796e2b113,sent,5d791e564472f16796e2ae72,25/010/2019,1572025708412.0,recommandation
5db2c4484472f16796e2b10c,shown,5da0e2bf4472f16796e2b04a,25/010/2019,1572876891624.0,recommandation
5db1da254472f16796e2b104,shown,5c73c8324d9bb55da5dbd83c,24/010/2019,1571995246114.0,recommandation
5db166374472f16796e2b0f8,sent,5d7f78694472f16796e2aeab,24/010/2019,1571907127531.0,recommandation
5db165944472f16796e2b0f7,shown,5d7f78694472f16796e2aeab,24/010/2019,1574959118588.0,recommandation
5db165674472f16796e2b0f6,sent,5d7f78694472f16796e2aeab,24/010/2019,1571906919238.0,recommandation
5db1655e4472f16796e2b0f5,sent,5d7f78694472f16796e2aeab,24/010/2019,1571906910935.0,recommandation
5db165344472f16796e2b0f4,sent,5d7f78694472f16796e2aeab,24/010/2019,1571906868045.0,recommandation
5db1633b4472f16796e2b0f1,sent,5d7f78694472f16796e2aeab,24/010/2019,1571906363763.0,recommandation
5db163194472f16796e2b0f0,sent,5d7f78694472f16796e2aeab,24/010/2019,1571906329451.0,recommandation
5db162db4472f16796e2b0ef,sent,5d7f78694472f16796e2aeab,24/010/2019,1571906267395.0,recommandation
5db162cc4472f16796e2b0ee,sent,5d7f78694472f16796e2aeab,24/010/2019,1571906252561.0,recommandation
5db162974472f16796e2b0ed,sent,5d7f78694472f16796e2aeab,24/010/2019,1571906199717.0,recommandation
5db1627c4472f16796e2b0ec,shown,5d7f78694472f16796e2aeab,24/010/2019,1573822168461.0,recommandation
5db162574472f16796e2b0eb,sent,5d7f78694472f16796e2aeab,24/010/2019,1571906135566.0,recommandation
5db1622b4472f16796e2b0ea,shown,5d7f78694472f16796e2aeab,24/010/2019,1572867419752.0,recommandation
5db1620a4472f16796e2b0e9,shown,5d7f78694472f16796e2aeab,24/010/2019,1572267881487.0,recommandation
5dad7b7d4472f16796e2b0b0,sent,5d78a90e4472f16796e2ae6a,21/010/2019,1571650429676.0,recommandation
5dad7b534472f16796e2b0af,sent,5d78a90e4472f16796e2ae6a,21/010/2019,1571650387915.0,recommandation
5dad7b1b4472f16796e2b0ae,sent,5d78a90e4472f16796e2ae6a,21/010/2019,1571650331398.0,recommandation
5dad7adc4472f16796e2b0ad,sent,5d78a90e4472f16796e2ae6a,21/010/2019,1571650268765.0,recommandation
5da9bee04472f16796e2b097,sent,5d2353742ddad254078717ef,18/010/2019,1571405536120.0,recommandation
5da999984472f16796e2b094,shown,5d7ff5284472f16796e2aec5,18/010/2019,1682351429861.0,recommandation
5da88a154472f16796e2b090,sent,5d752f484472f16796e2ae51,17/010/2019,1571326485182.0,recommandation
5da87f554472f16796e2b08e,sent,5d931c944472f16796e2af87,17/010/2019,1571323733051.0,recommandation
5da87d834472f16796e2b08d,sent,5d931c944472f16796e2af87,17/010/2019,1571323267641.0,recommandation
5da87d1d4472f16796e2b08b,shown,5d931c944472f16796e2af87,17/010/2019,1576162256224.0,recommandation
5da876784472f16796e2b089,shown,5d931c944472f16796e2af87,17/010/2019,1571323794367.0,recommandation
5da867844472f16796e2b086,sent,5d752f484472f16796e2ae51,17/010/2019,1571317636297.0,recommandation
5da867524472f16796e2b085,sent,5d752f484472f16796e2ae51,17/010/2019,1571317586079.0,recommandation
5da586574472f16796e2b068,shown,5d8b5ce94472f16796e2af33,15/010/2019,1571131348501.0,recommandation
5d9f630c4472f16796e2b02e,sent,5d7ff5284472f16796e2aec5,10/010/2019,1570726668373.0,recommandation
5d9f2d474472f16796e2b024,sent,5cc2c19d9420753ed13c5194,10/010/2019,1570712903567.0,recommandation
5d9f2cbe4472f16796e2b023,sent,5cc2c19d9420753ed13c5194,10/010/2019,1570712766505.0,recommandation
5d9f2c864472f16796e2b022,sent,5cc2c19d9420753ed13c5194,10/010/2019,1570712710603.0,recommandation
5d9f2bf54472f16796e2b021,shown,5cc2c19d9420753ed13c5194,10/010/2019,1570782901387.0,recommandation
5d9f2b924472f16796e2b020,sent,5cc2c19d9420753ed13c5194,10/010/2019,1570712466676.0,recommandation
5d9f2b4f4472f16796e2b01f,sent,5cc2c19d9420753ed13c5194,10/010/2019,1570712399946.0,recommandation
5d9f2a094472f16796e2b01e,shown,5cc2c19d9420753ed13c5194,10/010/2019,1570726964605.0,recommandation
5d9f29d24472f16796e2b01d,sent,5cc2c19d9420753ed13c5194,10/010/2019,1570712018648.0,recommandation
5d9f29ab4472f16796e2b01c,sent,5cc2c19d9420753ed13c5194,10/010/2019,1570711979952.0,recommandation
5d9f29654472f16796e2b01b,sent,5cc2c19d9420753ed13c5194,10/010/2019,1570711909970.0,recommandation
5d9f291c4472f16796e2b01a,sent,5cc2c19d9420753ed13c5194,10/010/2019,1570711836306.0,recommandation
5d9f28f94472f16796e2b019,sent,5cc2c19d9420753ed13c5194,10/010/2019,1570711801930.0,recommandation
5d9f28b44472f16796e2b018,sent,5cc2c19d9420753ed13c5194,10/010/2019,1570711732793.0,recommandation
5d9f28204472f16796e2b017,shown,5cc2c19d9420753ed13c5194,10/010/2019,1570726953330.0,recommandation
5d9f27d84472f16796e2b016,sent,5cc2c19d9420753ed13c5194,10/010/2019,1570711512034.0,recommandation
5d98574f4472f16796e2afd2,shown,5d8bb5bb4472f16796e2af40,05/010/2019,1570265269568.0,recommandation
5d9707224472f16796e2afc1,sent,5d6a3c25d157c058dfecd278,04/010/2019,1570178850232.0,recommandation
5d9706e34472f16796e2afc0,shown,5d6a3c25d157c058dfecd278,04/010/2019,1570442529848.0,recommandation
5d9706af4472f16796e2afbf,shown,5d6a3c25d157c058dfecd278,04/010/2019,1570516893600.0,recommandation
5d97068e4472f16796e2afbe,sent,5d6a3c25d157c058dfecd278,04/010/2019,1570178702785.0,recommandation
5d97066a4472f16796e2afbd,sent,5d6a3c25d157c058dfecd278,04/010/2019,1570178666267.0,recommandation
5d97063f4472f16796e2afbc,sent,5d6a3c25d157c058dfecd278,04/010/2019,1570178623470.0,recommandation
5d96f9b94472f16796e2afbb,shown,5d3acc072ddad254078718ea,04/010/2019,1572343467648.0,recommandation
5d95c34e4472f16796e2afa2,shown,5d3acc072ddad254078718ea,03/010/2019,1570181084298.0,recommandation
5d95bc7e4472f16796e2af9f,sent,5d3acc072ddad254078718ea,03/010/2019,1570094206806.0,recommandation
5d95b8404472f16796e2af9d,shown,5d3acc072ddad254078718ea,03/010/2019,1570094224896.0,recommandation
5d9367b34472f16796e2af93,sent,5d92fc2f4472f16796e2af83,01/010/2019,1569941427056.0,recommandation
5d93620d4472f16796e2af92,sent,5d92fc2f4472f16796e2af83,01/010/2019,1569939981064.0,recommandation
5d9361ce4472f16796e2af91,sent,5d92fc2f4472f16796e2af83,01/010/2019,1569939918737.0,recommandation
5d9361674472f16796e2af90,sent,5d92fc2f4472f16796e2af83,01/010/2019,1569939815702.0,recommandation
5d935fae4472f16796e2af8f,sent,5d92fc2f4472f16796e2af83,01/010/2019,1569939374848.0,recommandation
5d935f374472f16796e2af8e,sent,5d92fc2f4472f16796e2af83,01/010/2019,1569939255888.0,recommandation
5d935ef94472f16796e2af8d,shown,5d92fc2f4472f16796e2af83,01/010/2019,1570042300145.0,recommandation
5d8f6e304472f16796e2af6b,shown,5d78ca6d4472f16796e2ae6d,28/09/2019,1569685752789.0,recommandation
5d8f5fff4472f16796e2af6a,sent,5d752f484472f16796e2ae51,28/09/2019,1569677311795.0,recommandation
5d8e11324472f16796e2af67,sent,5d7664394472f16796e2ae5d,27/09/2019,1569591602361.0,recommandation
5d8e10ad4472f16796e2af66,sent,5d7664394472f16796e2ae5d,27/09/2019,1569591469556.0,recommandation
5d8e10774472f16796e2af65,shown,5d7664394472f16796e2ae5d,27/09/2019,1569606338401.0,recommandation
5d8e103b4472f16796e2af64,sent,5d7664394472f16796e2ae5d,27/09/2019,1569591355976.0,recommandation
5d8e0fca4472f16796e2af63,sent,5d7664394472f16796e2ae5d,27/09/2019,1569591242301.0,recommandation
5d8bc63e4472f16796e2af48,shown,5d8bb5bb4472f16796e2af40,25/09/2019,1569936450954.0,recommandation
5d8bc6314472f16796e2af47,sent,5d8bb5bb4472f16796e2af40,25/09/2019,1569441329601.0,recommandation
5d8bc6214472f16796e2af46,shown,5d8bb5bb4472f16796e2af40,25/09/2019,1570264718688.0,recommandation
5d8bc6124472f16796e2af45,shown,5d8bb5bb4472f16796e2af40,25/09/2019,1569442260875.0,recommandation
5d8bc5fe4472f16796e2af44,shown,5d8bb5bb4472f16796e2af40,25/09/2019,1569936698460.0,recommandation
5d8bc5e74472f16796e2af43,shown,5d8bb5bb4472f16796e2af40,25/09/2019,1569442138339.0,recommandation
5d8bc5c44472f16796e2af42,shown,5d8bb5bb4472f16796e2af40,25/09/2019,1569442268960.0,recommandation
5d8b54a94472f16796e2af31,sent,5d752f484472f16796e2ae51,25/09/2019,1569412265890.0,recommandation
5d7f84834472f16796e2aeb6,shown,5d752f484472f16796e2ae51,16/09/2019,1569127469102.0,recommandation
5d7f23a04472f16796e2aea7,shown,5d78ca6d4472f16796e2ae6d,16/09/2019,1569416743830.0,recommandation
5d7f23644472f16796e2aea6,sent,5d78ca6d4472f16796e2ae6d,16/09/2019,1568613220281.0,recommandation
5d7bae6b4472f16796e2ae9a,shown,5d752f484472f16796e2ae51,13/09/2019,1569945705598.0,recommandation
5d7bae0a4472f16796e2ae99,sent,5d752f484472f16796e2ae51,13/09/2019,1568386570757.0,recommandation
5d7ba1484472f16796e2ae98,shown,5d752f484472f16796e2ae51,13/09/2019,1568392802570.0,recommandation
5d7ba07b4472f16796e2ae97,sent,5d752f484472f16796e2ae51,13/09/2019,1568383099135.0,recommandation
5d7b9e4b4472f16796e2ae96,sent,5d752f484472f16796e2ae51,13/09/2019,1568382539747.0,recommandation
5d7b9e174472f16796e2ae95,shown,5d752f484472f16796e2ae51,13/09/2019,1568617506914.0,recommandation
5d7b9dc04472f16796e2ae94,sent,5d752f484472f16796e2ae51,13/09/2019,1568382400078.0,recommandation
5d7b9d9e4472f16796e2ae93,shown,5d752f484472f16796e2ae51,13/09/2019,1568637820212.0,recommandation
5d7b9d7f4472f16796e2ae92,shown,5d752f484472f16796e2ae51,13/09/2019,1568975424940.0,recommandation
5d7b9d1f4472f16796e2ae91,sent,5d752f484472f16796e2ae51,13/09/2019,1568382239050.0,recommandation
5d7b9cfd4472f16796e2ae90,sent,5d752f484472f16796e2ae51,13/09/2019,1568382205281.0,recommandation
5d7b9ce04472f16796e2ae8f,sent,5d752f484472f16796e2ae51,13/09/2019,1568382176951.0,recommandation
5d7b9c984472f16796e2ae8e,shown,5d752f484472f16796e2ae51,13/09/2019,1568704648568.0,recommandation
5d7b9c794472f16796e2ae8d,sent,5d752f484472f16796e2ae51,13/09/2019,1568382073628.0,recommandation
5d7b9c324472f16796e2ae8c,shown,5d752f484472f16796e2ae51,13/09/2019,1568637802092.0,recommandation
5d79230b4472f16796e2ae75,shown,5d6685f1d157c058dfecd25b,11/09/2019,1568283015795.0,recommandation
5d778ae34472f16796e2ae62,sent,5d6685f1d157c058dfecd25b,10/09/2019,1568115427546.0,recommandation
5d6f7af689fd4c47b99636cd,hidden,5d025560fd26e33243bc5f92,04/09/2019,1605287784020.0,recommandation
5d694175d157c058dfecd274,sent,5d68c287d157c058dfecd26f,30/08/2019,1567179125048.0,recommandation
5d694159d157c058dfecd273,sent,5d68c287d157c058dfecd26f,30/08/2019,1567179097288.0,recommandation
5d694131d157c058dfecd272,shown,5d68c287d157c058dfecd26f,30/08/2019,1567246838027.0,recommandation
5d63a531d157c058dfecd23c,sent,5d5a5f0bd157c058dfecd1e2,26/08/2019,1566811441776.0,recommandation
5d63a516d157c058dfecd23b,sent,5d5a5f0bd157c058dfecd1e2,26/08/2019,1566811414966.0,recommandation
5d63a507d157c058dfecd23a,shown,5d5a5f0bd157c058dfecd1e2,26/08/2019,1566829026972.0,recommandation
5d63a4f3d157c058dfecd239,sent,5d5a5f0bd157c058dfecd1e2,26/08/2019,1566811379742.0,recommandation
5d63a4d3d157c058dfecd238,sent,5d5a5f0bd157c058dfecd1e2,26/08/2019,1566811347202.0,recommandation
5d63a4b2d157c058dfecd237,sent,5d5a5f0bd157c058dfecd1e2,26/08/2019,1566811314788.0,recommandation
5d63a490d157c058dfecd236,sent,5d5a5f0bd157c058dfecd1e2,26/08/2019,1566811280938.0,recommandation
5d63a401d157c058dfecd235,sent,5d5a5f0bd157c058dfecd1e2,26/08/2019,1566811137221.0,recommandation
5d63a3d6d157c058dfecd234,sent,5d5a5f0bd157c058dfecd1e2,26/08/2019,1566811094301.0,recommandation
5d63a39fd157c058dfecd233,shown,5d5a5f0bd157c058dfecd1e2,26/08/2019,1566812796969.0,recommandation
5d63a379d157c058dfecd232,sent,5d5a5f0bd157c058dfecd1e2,26/08/2019,1566811001449.0,recommandation
5d5e74d4d157c058dfecd219,shown,5c615813ea9407248fdd43a6,22/08/2019,1566921441574.0,recommandation
5d5d1174d157c058dfecd1ff,sent,5d445ab02ddad2540787193b,21/08/2019,1566380404377.0,recommandation
5d5d112fd157c058dfecd1fe,sent,5d445ab02ddad2540787193b,21/08/2019,1566380335002.0,recommandation
5d5d10dfd157c058dfecd1fd,sent,5d445ab02ddad2540787193b,21/08/2019,1566380255634.0,recommandation
5d527b692ddad254078719bc,shown,5c615813ea9407248fdd43a6,13/08/2019,1566468093327.0,recommandation
5d4a94512ddad25407871959,sent,5d1a28512ddad2540787178d,07/08/2019,1565168721015.0,recommandation
5d4a93f82ddad25407871958,sent,5d1a28512ddad2540787178d,07/08/2019,1565168632560.0,recommandation
5d4a92b22ddad25407871956,sent,5d1a28512ddad2540787178d,07/08/2019,1565168306226.0,recommandation
5d3c4e4d2ddad254078718fb,sent,5d3c4ca62ddad254078718f7,27/07/2019,1564233293003.0,recommandation
5d3a024c2ddad254078718d7,hidden,5ba39b4b48b26d4df25496fe,25/07/2019,1564417849529.0,recommandation
5d384f502ddad254078718bf,sent,5cf4ea75b0c8341cdddda1c9,24/07/2019,1563971408752.0,recommandation
5d384f182ddad254078718be,sent,5cf4ea75b0c8341cdddda1c9,24/07/2019,1563971352945.0,recommandation
5d384ee82ddad254078718bd,sent,5cf4ea75b0c8341cdddda1c9,24/07/2019,1563971304306.0,recommandation
5d384ebd2ddad254078718bc,sent,5cf4ea75b0c8341cdddda1c9,24/07/2019,1563971261178.0,recommandation
5d384e8e2ddad254078718bb,sent,5cf4ea75b0c8341cdddda1c9,24/07/2019,1563971214328.0,recommandation
5d384e5e2ddad254078718ba,sent,5cf4ea75b0c8341cdddda1c9,24/07/2019,1563971166335.0,recommandation
5d384e232ddad254078718b9,sent,5cf4ea75b0c8341cdddda1c9,24/07/2019,1563971107104.0,recommandation
5d384de12ddad254078718b8,sent,5cf4ea75b0c8341cdddda1c9,24/07/2019,1563971041609.0,recommandation
5d384dab2ddad254078718b7,sent,5cf4ea75b0c8341cdddda1c9,24/07/2019,1563970987417.0,recommandation
5d384d6c2ddad254078718b6,sent,5cf4ea75b0c8341cdddda1c9,24/07/2019,1563970924586.0,recommandation
5d384d2f2ddad254078718b5,shown,5cf4ea75b0c8341cdddda1c9,24/07/2019,1564301231362.0,recommandation
5d384cde2ddad254078718b4,sent,5cf4ea75b0c8341cdddda1c9,24/07/2019,1563970782905.0,recommandation
5d384ca52ddad254078718b3,sent,5cf4ea75b0c8341cdddda1c9,24/07/2019,1563970725592.0,recommandation
5d384c692ddad254078718b2,shown,5cf4ea75b0c8341cdddda1c9,24/07/2019,1564129402360.0,recommandation
5d384c132ddad254078718b1,sent,5cf4ea75b0c8341cdddda1c9,24/07/2019,1563970579113.0,recommandation
5d36e5342ddad2540787189c,sent,5c5853d5ea9407248fdd4364,23/07/2019,1563878708328.0,recommandation
5d36e4e22ddad2540787189a,sent,5c5853d5ea9407248fdd4364,23/07/2019,1563878626960.0,recommandation
5d36e48d2ddad25407871899,sent,5c5853d5ea9407248fdd4364,23/07/2019,1563878541473.0,recommandation
5d308c782ddad25407871865,sent,5cf8d77db0c8341cdddda20b,18/07/2019,1563462776495.0,recommandation
5d308b0a2ddad25407871864,sent,5cf8d77db0c8341cdddda20b,18/07/2019,1563462410568.0,recommandation
5d3041d42ddad25407871860,sent,5ceba290b0c8341cdddda145,18/07/2019,1563443668570.0,recommandation
5d25d4912ddad2540787180f,shown,5d24dae32ddad25407871802,10/07/2019,1563355038369.0,recommandation
5d2315022ddad254078717ed,shown,5d2309c42ddad254078717ea,08/07/2019,1564390790998.0,recommandation
5d2314352ddad254078717ec,sent,5d2309c42ddad254078717ea,08/07/2019,1562580021468.0,recommandation
5d2313f92ddad254078717eb,sent,5d2309c42ddad254078717ea,08/07/2019,1562579961205.0,recommandation
5d1cc9eb2ddad254078717ce,sent,5cf61cccb0c8341cdddda1d9,03/07/2019,1562167787878.0,recommandation
5d1cc9532ddad254078717cd,shown,5cf61cccb0c8341cdddda1d9,03/07/2019,1568362294162.0,recommandation
5d1cc9282ddad254078717cc,sent,5cf61cccb0c8341cdddda1d9,03/07/2019,1562167592280.0,recommandation
5d1cc8fc2ddad254078717cb,sent,5cf61cccb0c8341cdddda1d9,03/07/2019,1562167548538.0,recommandation
5d1cc89b2ddad254078717ca,shown,5cf61cccb0c8341cdddda1d9,03/07/2019,1568362251375.0,recommandation
5d1cc8732ddad254078717c9,sent,5cf61cccb0c8341cdddda1d9,03/07/2019,1562167411678.0,recommandation
5d1cc84e2ddad254078717c8,sent,5cf61cccb0c8341cdddda1d9,03/07/2019,1562167374217.0,recommandation
5d1cc8292ddad254078717c7,shown,5cf61cccb0c8341cdddda1d9,03/07/2019,1568362244970.0,recommandation
5d19e32a2ddad25407871785,shown,5cc1a0649420753ed13c518e,01/07/2019,1562844950055.0,recommandation
5d1479b12ddad25407871767,shown,5c4afae2c4c39323bc6a57b1,27/06/2019,1561636832826.0,recommandation
5d0cec9efd26e33243bc6004,sent,5c55baacea9407248fdd434d,21/06/2019,1561128094923.0,recommandation
5d0cebf4fd26e33243bc6003,shown,5c55baacea9407248fdd434d,21/06/2019,1563058128134.0,recommandation
5d0cebb9fd26e33243bc6002,sent,5c55baacea9407248fdd434d,21/06/2019,1561127865107.0,recommandation
5d0ceb85fd26e33243bc6001,shown,5c55baacea9407248fdd434d,21/06/2019,1561137158342.0,recommandation
5d078f2afd26e33243bc5fcf,sent,5ce3fbcfb0c8341cdddda0d1,17/06/2019,1560776490039.0,recommandation
5d076a0ffd26e33243bc5fca,shown,5cdd806a44870d61541d68c2,17/06/2019,1561630407847.0,recommandation
5d025d8cfd26e33243bc5f9b,sent,5c73c8324d9bb55da5dbd83c,13/06/2019,1560436108122.0,recommandation
5d025131fd26e33243bc5f91,shown,5c4afae2c4c39323bc6a57b1,13/06/2019,1560509290760.0,recommandation
5d02467dfd26e33243bc5f8a,sent,5ceba290b0c8341cdddda145,13/06/2019,1560430205248.0,recommandation
5cfa7fc5b0c8341cdddda236,sent,5cb48968d10aab0a4c954e2a,07/06/2019,1559920581525.0,recommandation
5cfa7df9b0c8341cdddda235,shown,5cb48968d10aab0a4c954e2a,07/06/2019,1560437542664.0,recommandation
5cfa7b35b0c8341cdddda234,sent,5cb48968d10aab0a4c954e2a,07/06/2019,1559919413528.0,recommandation
5cfa7893b0c8341cdddda232,shown,5cb48968d10aab0a4c954e2a,07/06/2019,1560245765228.0,recommandation
5cfa7867b0c8341cdddda231,sent,5cb48968d10aab0a4c954e2a,07/06/2019,1559918695403.0,recommandation
5cfa782fb0c8341cdddda230,sent,5cb48968d10aab0a4c954e2a,07/06/2019,1559918639548.0,recommandation
5cfa73aab0c8341cdddda22f,sent,5cb48968d10aab0a4c954e2a,07/06/2019,1559917482594.0,recommandation
5cfa736bb0c8341cdddda22e,sent,5cb48968d10aab0a4c954e2a,07/06/2019,1559917419390.0,recommandation
5cf9259ab0c8341cdddda219,shown,5c4afae2c4c39323bc6a57b1,06/06/2019,1560755214084.0,recommandation
5cf92578b0c8341cdddda218,sent,5c4afae2c4c39323bc6a57b1,06/06/2019,1559831928357.0,recommandation
5cf9255db0c8341cdddda217,shown,5c4afae2c4c39323bc6a57b1,06/06/2019,1560275504577.0,recommandation
5cf92530b0c8341cdddda216,shown,5c4afae2c4c39323bc6a57b1,06/06/2019,1561622890675.0,recommandation
5cf9251db0c8341cdddda215,shown,5c4afae2c4c39323bc6a57b1,06/06/2019,1560275478209.0,recommandation
5cf92507b0c8341cdddda214,sent,5c4afae2c4c39323bc6a57b1,06/06/2019,1559831815250.0,recommandation
5cf924eab0c8341cdddda213,sent,5c4afae2c4c39323bc6a57b1,06/06/2019,1559831786063.0,recommandation
5cf77f09b0c8341cdddda1f5,sent,5bf28c8a8837de33a00d28a6,05/06/2019,1559723785426.0,recommandation
5cf77ecdb0c8341cdddda1f4,sent,5bf28c8a8837de33a00d28a6,05/06/2019,1559723725394.0,recommandation
5ce7cc30b0c8341cdddda129,sent,5cab2f3bd10aab0a4c954e0b,24/05/2019,1558694960258.0,recommandation
5ce7a3a1b0c8341cdddda11f,sent,5ca74730d10aab0a4c954dff,24/05/2019,1558684577884.0,recommandation
5ce6c91cb0c8341cdddda114,shown,5cab2f3bd10aab0a4c954e0b,23/05/2019,1558693716966.0,recommandation
5ce6c8dbb0c8341cdddda113,sent,5cab2f3bd10aab0a4c954e0b,23/05/2019,1558628571650.0,recommandation
5ce6c8b0b0c8341cdddda112,sent,5cab2f3bd10aab0a4c954e0b,23/05/2019,1558628528179.0,recommandation
5ce6c876b0c8341cdddda111,sent,5cab2f3bd10aab0a4c954e0b,23/05/2019,1558628470303.0,recommandation
5ce6c84eb0c8341cdddda110,shown,5cab2f3bd10aab0a4c954e0b,23/05/2019,1558681382344.0,recommandation
5ce6c815b0c8341cdddda10f,shown,5cab2f3bd10aab0a4c954e0b,23/05/2019,1558693680995.0,recommandation
5ce6a195b0c8341cdddda0fb,shown,5ba3acee48b26d4df2549702,23/05/2019,1558949975216.0,recommandation
5ce6a187b0c8341cdddda0fa,shown,5ba3acee48b26d4df2549702,23/05/2019,1559112379498.0,recommandation
5ce693c3b0c8341cdddda0f9,sent,5bc77a518837de33a00d2834,23/05/2019,1558614979606.0,recommandation
5ce692a9b0c8341cdddda0f7,shown,5bc77a518837de33a00d2834,23/05/2019,1558941821582.0,recommandation
5ce2a41a44870d61541d68db,sent,5c87628bdee03a5fd72440b4,20/05/2019,1558357018352.0,recommandation
5ce2a3fb44870d61541d68da,sent,5c87628bdee03a5fd72440b4,20/05/2019,1558356987457.0,recommandation
5ce2a2ac44870d61541d68d9,sent,5c87628bdee03a5fd72440b4,20/05/2019,1558356652155.0,recommandation
5ce27b5d44870d61541d68d8,sent,5ba3acee48b26d4df2549702,20/05/2019,1558346589688.0,recommandation
5ce27ac844870d61541d68d7,shown,5ba3acee48b26d4df2549702,20/05/2019,1558685217393.0,recommandation
5ce27ab644870d61541d68d6,shown,5ba3acee48b26d4df2549702,20/05/2019,1558617335857.0,recommandation
5ce11ba144870d61541d68d2,sent,5ccc3dad9420753ed13c51b4,19/05/2019,1558256545876.0,recommandation
5ce116d744870d61541d68d1,sent,5ccc3dad9420753ed13c51b4,19/05/2019,1558255319955.0,recommandation
5cdede3144870d61541d68cd,sent,5c3c653cc4c39323bc6a571c,17/05/2019,1558109745724.0,recommandation
5cdeddc944870d61541d68cc,hidden,5c3c653cc4c39323bc6a571c,17/05/2019,1558427439720.0,recommandation
5cde5f2944870d61541d68c9,shown,5ccd70d59420753ed13c51c1,17/05/2019,1563443996615.0,recommandation
5cde5ea144870d61541d68c8,shown,5ccd70d59420753ed13c51c1,17/05/2019,1558196378399.0,recommandation
5cdbc3a744870d61541d68b1,sent,5bc4a282f1543204a60cb0bd,15/05/2019,1557906343539.0,recommandation
5cd5a19d44870d61541d68a1,shown,5cb5ec4ad10aab0a4c954e2e,10/05/2019,1557505502705.0,recommandation
5cd59a3f44870d61541d68a0,shown,5cd5990e44870d61541d689f,10/05/2019,1557511486957.0,recommandation
5cd57d6044870d61541d689a,shown,5ca74730d10aab0a4c954dff,10/05/2019,1557496305318.0,recommandation
5cd188e479c01d080a66d1cf,sent,5bc4a282f1543204a60cb0bd,07/05/2019,1557235940680.0,recommandation
5cd1887a79c01d080a66d1ce,sent,5bc4a282f1543204a60cb0bd,07/05/2019,1557235834659.0,recommandation
5cd1882c79c01d080a66d1cd,sent,5bc4a282f1543204a60cb0bd,07/05/2019,1557235756253.0,recommandation
5cd187c879c01d080a66d1cc,sent,5bc4a282f1543204a60cb0bd,07/05/2019,1557235656459.0,recommandation
5cd187bd79c01d080a66d1cb,sent,5bc4a282f1543204a60cb0bd,07/05/2019,1557235645761.0,recommandation
5cd187ac79c01d080a66d1ca,sent,5bc4a282f1543204a60cb0bd,07/05/2019,1557235628477.0,recommandation
5cd187a479c01d080a66d1c9,sent,5bc4a282f1543204a60cb0bd,07/05/2019,1557235620255.0,recommandation
5cd1877f79c01d080a66d1c8,sent,5bc4a282f1543204a60cb0bd,07/05/2019,1557235583698.0,recommandation
5cd1877179c01d080a66d1c7,shown,5bc4a282f1543204a60cb0bd,07/05/2019,1557239737648.0,recommandation
5cd1876979c01d080a66d1c6,sent,5bc4a282f1543204a60cb0bd,07/05/2019,1557235561132.0,recommandation
5cd1876079c01d080a66d1c5,sent,5bc4a282f1543204a60cb0bd,07/05/2019,1557235552748.0,recommandation
5cd1874379c01d080a66d1c4,shown,5bc4a282f1543204a60cb0bd,07/05/2019,1557244035848.0,recommandation
5cd1872a79c01d080a66d1c3,sent,5bc4a282f1543204a60cb0bd,07/05/2019,1557235498373.0,recommandation
5cd179e179c01d080a66d1bf,sent,5bc4a282f1543204a60cb0bd,07/05/2019,1557232097685.0,recommandation
5cceeb969420753ed13c51c7,sent,5c1e18cf6b246217f9bef7ee,05/05/2019,1557064598389.0,recommandation
5cceea819420753ed13c51c6,sent,5c1e18cf6b246217f9bef7ee,05/05/2019,1557064321880.0,recommandation
5cceac389420753ed13c51c5,hidden,5bc4a282f1543204a60cb0bd,05/05/2019,1557053022127.0,recommandation
5cceac189420753ed13c51c4,sent,5bc4a282f1543204a60cb0bd,05/05/2019,1557048344861.0,recommandation
5ccc758f9420753ed13c51bd,sent,5bc4a282f1543204a60cb0bd,03/05/2019,1556903311029.0,recommandation
5ccc75709420753ed13c51bc,sent,5bc4a282f1543204a60cb0bd,03/05/2019,1556903280219.0,recommandation
5ccc5f519420753ed13c51b9,hidden,5d025560fd26e33243bc5f92,03/05/2019,1605287772981.0,recommandation
5ccc5e119420753ed13c51b8,sent,5bc4a282f1543204a60cb0bd,03/05/2019,1556897297545.0,recommandation
5cc8522b9420753ed13c51a6,sent,5bc4a282f1543204a60cb0bd,30/04/2019,1556632107796.0,recommandation
5cc6ca599420753ed13c51a0,sent,5bc4a282f1543204a60cb0bd,29/04/2019,1556531801759.0,recommandation
5cc6ca449420753ed13c519f,sent,5bc4a282f1543204a60cb0bd,29/04/2019,1556531780977.0,recommandation
5cc457139420753ed13c519c,sent,5bc5a55e8837de33a00d282e,27/04/2019,1556371219913.0,recommandation
5cc4568d9420753ed13c519b,sent,5bc5a55e8837de33a00d282e,27/04/2019,1556371085716.0,recommandation
5cc456439420753ed13c519a,sent,5bc5a55e8837de33a00d282e,27/04/2019,1556371011569.0,recommandation
5cc455ff9420753ed13c5199,sent,5bc5a55e8837de33a00d282e,27/04/2019,1556370943345.0,recommandation
5cc1ad149420753ed13c5191,sent,5bc4a282f1543204a60cb0bd,25/04/2019,1556196628882.0,recommandation
5cc1ad0b9420753ed13c5190,sent,5bc4a282f1543204a60cb0bd,25/04/2019,1556196619115.0,recommandation
5cb9cfab4d3b883db02122e3,sent,5bc4a282f1543204a60cb0bd,19/04/2019,1555681195157.0,recommandation
5cb9cf764d3b883db02122e2,sent,5bc4a282f1543204a60cb0bd,19/04/2019,1555681142752.0,recommandation
5cb9cf4e4d3b883db02122e1,sent,5bc4a282f1543204a60cb0bd,19/04/2019,1555681102053.0,recommandation
5cb9cf004d3b883db02122e0,sent,5bc4a282f1543204a60cb0bd,19/04/2019,1555681024309.0,recommandation
5cb9ce1a4d3b883db02122df,sent,5bc4a282f1543204a60cb0bd,19/04/2019,1555680794426.0,recommandation
5cb9cdca4d3b883db02122de,sent,5bc4a282f1543204a60cb0bd,19/04/2019,1555680714703.0,recommandation
5cb9cd5f4d3b883db02122dd,sent,5bc4a282f1543204a60cb0bd,19/04/2019,1555680607970.0,recommandation
5cb9cd3c4d3b883db02122dc,sent,5bc4a282f1543204a60cb0bd,19/04/2019,1555680572329.0,recommandation
5cb9cd1f4d3b883db02122db,sent,5bc4a282f1543204a60cb0bd,19/04/2019,1555680543128.0,recommandation
5cb9cd0c4d3b883db02122da,sent,5bc4a282f1543204a60cb0bd,19/04/2019,1555680524964.0,recommandation
5cb9ccf54d3b883db02122d9,sent,5bc4a282f1543204a60cb0bd,19/04/2019,1555680501156.0,recommandation
5cb5f715d10aab0a4c954e30,sent,5cb5ec4ad10aab0a4c954e2e,16/04/2019,1555429141888.0,recommandation
5cb5f6bed10aab0a4c954e2f,shown,5cb5ec4ad10aab0a4c954e2e,16/04/2019,1557507651654.0,recommandation
5caf3032d10aab0a4c954e1e,shown,5c617b8dea9407248fdd43a8,11/04/2019,1556888595097.0,recommandation
5cab60b1d10aab0a4c954e0d,sent,5c8787a4dee03a5fd72440b6,08/04/2019,1554735281101.0,recommandation
5cab6033d10aab0a4c954e0c,sent,5c8787a4dee03a5fd72440b6,08/04/2019,1554735155881.0,recommandation
5ca903c5d10aab0a4c954e05,sent,5c8cc6eddee03a5fd72440e8,06/04/2019,1554580421016.0,recommandation
5ca90349d10aab0a4c954e04,shown,5c8cc6eddee03a5fd72440e8,06/04/2019,1554913033301.0,recommandation
5ca31da3d10aab0a4c954df2,sent,5c617b8dea9407248fdd43a8,02/04/2019,1554193827963.0,recommandation
5c9f69d9d10aab0a4c954dec,shown,5c76bf8a4d9bb55da5dbd845,30/03/2019,1553952133020.0,recommandation
5c9b7076e114271a0693d4cb,sent,5c46fae3c4c39323bc6a5787,27/03/2019,1553690742379.0,recommandation
5c99ff45e114271a0693d4c6,sent,5c4ad60cc4c39323bc6a57af,26/03/2019,1553596229319.0,recommandation
5c99fefee114271a0693d4c5,sent,5c4ad60cc4c39323bc6a57af,26/03/2019,1553596158885.0,recommandation
5c99fee3e114271a0693d4c4,sent,5c4ad60cc4c39323bc6a57af,26/03/2019,1553596131423.0,recommandation
5c99fec6e114271a0693d4c3,shown,5c519bfcea9407248fdd431b,26/03/2019,1553596260023.0,recommandation
5c99fe84e114271a0693d4c2,shown,5c4ad60cc4c39323bc6a57af,26/03/2019,1553665908117.0,recommandation
5c99fe56e114271a0693d4c1,sent,5c4ad60cc4c39323bc6a57af,26/03/2019,1553595990477.0,recommandation
5c97f1f5dee03a5fd72440fd,sent,5c97e5d3dee03a5fd72440fb,24/03/2019,1553461749629.0,recommandation
5c8a60aadee03a5fd72440e6,shown,5c617b8dea9407248fdd43a8,14/03/2019,1553070113710.0,recommandation
5c83dd17dee03a5fd72440b0,sent,5c76bf8a4d9bb55da5dbd845,09/03/2019,1552145687955.0,recommandation
5c83d916dee03a5fd72440af,shown,5c76bf8a4d9bb55da5dbd845,09/03/2019,1553782168885.0,recommandation
5c83d8a5dee03a5fd72440ae,sent,5c76bf8a4d9bb55da5dbd845,09/03/2019,1552144549822.0,recommandation
5c83d835dee03a5fd72440ad,sent,5c76bf8a4d9bb55da5dbd845,09/03/2019,1552144437174.0,recommandation
5c83d7e5dee03a5fd72440ac,sent,5c76bf8a4d9bb55da5dbd845,09/03/2019,1552144357085.0,recommandation
5c7fee94dee03a5fd72440a3,sent,5bfbb4448837de33a00d28d0,06/03/2019,1551888020257.0,recommandation
5c7fee43dee03a5fd72440a2,sent,5bfbb4448837de33a00d28d0,06/03/2019,1551887939377.0,recommandation
5c7fedf3dee03a5fd72440a1,sent,5bfbb4448837de33a00d28d0,06/03/2019,1551887859193.0,recommandation
5c7feda2dee03a5fd72440a0,sent,5bfbb4448837de33a00d28d0,06/03/2019,1551887778572.0,recommandation
5c7fed6bdee03a5fd724409f,sent,5bfbb4448837de33a00d28d0,06/03/2019,1551887723672.0,recommandation
5c7fed21dee03a5fd724409e,sent,5bfbb4448837de33a00d28d0,06/03/2019,1551887649532.0,recommandation
5c7e9395dee03a5fd7244097,shown,5c7e8c09dee03a5fd7244095,05/03/2019,1551802817462.0,recommandation
5c7e92c0dee03a5fd7244096,sent,5c7e8c09dee03a5fd7244095,05/03/2019,1551798976040.0,recommandation
5c7e7dcddee03a5fd7244091,shown,5c779f0cdee03a5fd7244051,05/03/2019,1559909762866.0,recommandation
5c7e7db5dee03a5fd7244090,shown,5c779f0cdee03a5fd7244051,05/03/2019,1559909758805.0,recommandation
5c7422a44d9bb55da5dbd842,shown,5c73c8324d9bb55da5dbd83c,25/02/2019,1551797354443.0,recommandation
5c6696d9d97df86ce870d4d2,shown,5bfbca5f8837de33a00d28d4,15/02/2019,1550283436212.0,recommandation
5c5d82adea9407248fdd4390,sent,5bfbb4448837de33a00d28d0,08/02/2019,1549632173069.0,recommandation
5c5d8281ea9407248fdd438f,sent,5bfbb4448837de33a00d28d0,08/02/2019,1549632129860.0,recommandation
5c5c6014ea9407248fdd4386,sent,5bfbca5f8837de33a00d28d4,07/02/2019,1549557780231.0,recommandation
5c5c0d21ea9407248fdd4383,sent,5c5be0d4ea9407248fdd437e,07/02/2019,1549536545661.0,recommandation
5c5bff6fea9407248fdd4381,sent,5bfbb4448837de33a00d28d0,07/02/2019,1549533039925.0,recommandation
5c5bff6fea9407248fdd4380,shown,5bfbb4448837de33a00d28d0,07/02/2019,1551867742379.0,recommandation
5c59ab93ea9407248fdd4375,sent,5c59a13dea9407248fdd436e,05/02/2019,1549380499288.0,recommandation
5c59a8bbea9407248fdd4372,sent,5c59a13dea9407248fdd436e,05/02/2019,1549379771590.0,recommandation
5c59a896ea9407248fdd4371,sent,5c59a13dea9407248fdd436e,05/02/2019,1549379734830.0,recommandation
5c517805ea9407248fdd430e,sent,5c4afae2c4c39323bc6a57b1,30/01/2019,1548843013061.0,recommandation
5c50857cc4c39323bc6a57ea,shown,5bfbca5f8837de33a00d28d4,29/01/2019,1548783914354.0,recommandation
